company,link,keyword
TriNet,https://www.indeed.com/pagead/clk?mo=r&ad=-6NYlbfkN0CW9I1LTUtCcpe4NCuy0uGo9SGDSlZpkBTVJ8sM1TRLg5d3Y9OMYs2NRj_0-71PmVaI5hIJIz0N9ZxMHaofTcDwlkYZRhXn2ObwKFMsiqlzICyaYrI5sNdichgWEBF7tub-uLdpRu8wbCh_Lg33lwdRi7fZuoNNO-nDdeRRcB4YiUfckFYFKwvgMq8KipyKpE6oCiTayAK704ysRm2oJFpEtIaEq5FKVkY7PEiKXoJTM3ssJdV1T4_QFy8K-EVv0c5xg5BGjSueWn9UNcvaRozfTy6gH08e0-QS5CSZBnHHFBlmy7C2Xkmf_OlOsPdCC-pmW7X9nWR5fUlaCvgPYp_HVo-EKVPViP5QK7bXC8t9LMN4KrBUO6sn-RS8F3xLP9hHIjXjy6GNARqWwaQEsOwQyPtKhCkbiL0CV_Q1cGBmK9kCoxO8LeHgnOIYO-ykPuzWOn37NW3QCzyBc3TeyKSEXkpfk4cfJPdDq82pPkSkN10sdkoBuJT9pSBfj9MPBxr7KHepksHEtzZyazMpEMzhZ4UY7S1VUSOByLSbJxkWw_9ay5L0qiVtD2RspFvCmuZmyAz39usWGyypnwWBqj-ZT-eZDl_MLX4lCTyGwdHKCaLoCoieUQdhm65j41kfzcRYojDxEKY-2yWegZ10IMmtbWAgsFvukIpYPbTS21BwUznDgDqNSv6s&vjs=3&p=1&sk=&fvj=0,trinet
Confidential - HiTech Consulting,https://www.indeed.com/pagead/clk?mo=r&ad=-6NYlbfkN0AYDWYRCIzLnYKwD1WjJ9mTr10ySEujrNJScvng8U46IZfQGdZG4aRmURV6nt078Wh0wt8ywHqz9eiAjzUh6kvQlEvqlEnvTGZ25m-kbcUSD_6wg-BOlsYZAeFuPNEgylNhydWUlrhxQ6cKwMfCe9mJQ0TZhFfffqNTHpS46eHvVUKZUef0r1lVtegr4dgIjg1RHORPOYHkOhh_GYVqGUb4bc-88d85BALYeAXAPvIz_HZd38i1I2vWOR-7wLipbAVC7yDLvfZuM1GGTH3eY5JLb1HsPdeGXY_y1y7g35OFpFDqNZMmGUSytVJtrejXmBhZDXU78--2eZ-WGxYkKmjPTH2HpxpITARNESmRxluDqZ9DfX6MOSIvRJ-jqqcNtQtyDYug4mHea3yFEn_GTkiL2eH7_aBlrTDGjqj_p4W2YQ==&vjs=3&p=2&sk=&fvj=1,trinet
TriNet,https://www.indeed.com/pagead/clk?mo=r&ad=-6NYlbfkN0CW9I1LTUtCcpe4NCuy0uGo9SGDSlZpkBTVJ8sM1TRLg5d3Y9OMYs2N1Fd-eg5S-Fd9PjKSlhmjdmzTNhrn0eGR6pUqErEvnmdquY2_zt4UPl2XdA1JM0igDVLLQ_RFsJLhG1auQJZQU-0pW8DE6pL0am_p5SdzP18oYeeTT4rUdmKaUvjzgoLB2r5Dv2mK7phgoG2-P_bXGrNNBIeWOQ4KJXP2l_Dx3vkMPF_ipj3ybu0LuQbUaAjiXbCDjRMKLEp_pT2oRw8XMPRDmng1LRV-4j9VNrbyEQFRNRwvb2xZ1IemPTQ_oO0pVvLErAZsFgM-4JaSg3_MObHXXEGPBDKE2oBetq-iUut5V4oE56rsDneJSjX2mTcHWgACcBXurYvFRTH5ojoCoKRTXzmroi-llNU3Klq7cFTpIRzU-3YxslE3LM1xqnXELpctJ_qlpm3AS-9oPwWXqINqQS6KgYrtDcCSki2eLY8cplBrty7rrOPyWEhoExu1oQQKrYJYW_RSM4ErInZ_vvpXCfqyl2INc8DXDAUjQ_xCcpewjx64KUuMmP0wCeVxgs_TxnyQgo697yy6lhQniDIUeatT1A64d3xQmid50iYzrNOBCtWpu__TYIcCHKMQEtvebKrcK4RZ0Tyil1EcSRw0jQcd_zEyoEtAi-XHV5HTk6Sj8yunvg==&vjs=3&p=3&sk=&fvj=0,trinet
Taylor Gourmet,https://www.indeed.com/rc/clk?jk=2573b26ffb3f5cf3&fccid=494216b7c4344d38&vjs=3,trinet
TriNet,https://www.indeed.com/rc/clk?jk=4472ad413d90cf94&fccid=7f888820e2227fa2&vjs=3,trinet
TrinetInternet Solutions Inc.,https://www.indeed.com/rc/clk?jk=b940bd306c419be1&fccid=5e96fbb043528bb5&vjs=3,trinet
TriNet,https://www.indeed.com/rc/clk?jk=0b82af8d6c90eccb&fccid=7f888820e2227fa2&vjs=3,trinet
TriNet,https://www.indeed.com/rc/clk?jk=6894a5a1aa03107f&fccid=7f888820e2227fa2&vjs=3,trinet
Onfido,https://www.indeed.com/rc/clk?jk=e7c8fb87ab951db3&fccid=2b4b70d77fa86986&vjs=3,trinet
Providence Technology Solutions,https://www.indeed.com/company/Providence-Technology-Solutions/jobs/Human-Resource-Compliance-Consultant-84ab4a3c9d81dc4f?fccid=924e4a431a972a10&vjs=3,trinet
TriNet,https://www.indeed.com/rc/clk?jk=d21a4ecef642e1b4&fccid=7f888820e2227fa2&vjs=3,trinet
TriNet,https://www.indeed.com/rc/clk?jk=f04323dd1e33f0f4&fccid=7f888820e2227fa2&vjs=3,trinet
90min.com,https://www.indeed.com/rc/clk?jk=6b0856f829e1636d&fccid=eb1839f661b8f2b5&vjs=3,trinet
TriNet,https://www.indeed.com/pagead/clk?mo=r&ad=-6NYlbfkN0CW9I1LTUtCcpe4NCuy0uGo9SGDSlZpkBTVJ8sM1TRLg5d3Y9OMYs2N1Fd-eg5S-FcHsxkL-SLvrraFq-gWfXYxMnRxAgtbnMS69TQPa5wpJh-o-wg-e1z___MHP_fRRVHwO_wu1PmYH1aQmUdyGgGZlS0bvgrHADcvrKzvLwNA5tqj4lZklMuL-Ae6egywzfnmHN8ojowlOWHgZrZtY2okeZ4BUnEhC9SdiOCKkdEe5nq3xXRx_24ChJ6w_nq1ebvXTGlMOoZKea3sNbCL2YgOSgjRwRx5FHN5yUWzcSrj0KPo402WqMRctV-PEjg5S2CnnNVVy_-KYFM2Ut95ALOmeqAu7_HCP2q7utqONpBE8YpcVGHuWaMQrCo8e8lgq4jaoW17DaYNozG7EJ5Au5t7a447hFuQi4vOR65Ul_AvBrOGNPRa2PVscdebVVgzIipyvQERZUCPEwobOWnK_VMa06LPxVcvM244nV-cnnNluN9UaUOl3mGNKQexiW9IDb16eIPPKBLE72Gt4UgVV_BaG5SCKEJNJeWnLbQIcXdOg-bupY7XyFnXO-d6U9WeLHsHHgQJNxg5YDQulqEASNVQGkluBggSg-MaPa2CFhBO_LpORUQ2JR9bNwepjwiFEtM6HOodb-AmLMwgpWBflj3NWGpp67WjAgakXfCYEIzSyA==&vjs=3&p=4&sk=&fvj=0,trinet
TriNet,https://www.indeed.com/pagead/clk?mo=r&ad=-6NYlbfkN0CW9I1LTUtCcpe4NCuy0uGo9SGDSlZpkBTVJ8sM1TRLg5d3Y9OMYs2N1Fd-eg5S-FfEqVPJYrqehM2_IaWlKZFisoyrDBB2REaLFhHUyJ5iH_YRxBnbm0-Aj9n5cDNvA51cOJ1yqOvM853ThwuCBoPR_Rp-_9fllFS5zVf6F-ua0OKxta78KFTlkTDAPvO4yl3HG-PcpGcM2hHe_3UIHzBJObcgnLgyTjXmyfvQqqOtGQMMnlGnOGdPofPWELMpspBkZrLKx7hl4xanD5rDVQaLVMfIbR7cVBTCP0MOBVoRXKdg9qBL6Ocg2psbv69t0Ma5Z0MG2sBSQNzQAF2RUk5aAAWBtyXCKeHcGLozgBsB22-8jJqypN_2xPIsO5eJ49XW2LRzv9XQILMMpHhPWc9sEh2_oFDCN7M8Y3CtxEDp-syWumbKYUL8IDRkZLA9nkGfQN9Oqq4TTnUwnLQSpJ7pIU_U1g8PDCXLsxdStLZwSCStyhN-C_oztjm3L-WHBwKvdhGj2v8_Ycb0XPOXjDSypXwEhBvm5v_HfLBxkkTj5ytzff4lFNXMMBTbaGMeARjfcmh5X8K6mQm6w8kd2Ex7YhxBgI715V1HQIcVuSaC1OGbIwa6PtjEFN44KoLltSlazE7IoktiU1VO0vD3V7dPlptUkaubhMcaFbliSP_ufw==&vjs=3&p=5&sk=&fvj=0,trinet
TriNet,https://www.indeed.com/pagead/clk?mo=r&ad=-6NYlbfkN0CW9I1LTUtCcpe4NCuy0uGo9SGDSlZpkBTVJ8sM1TRLg5d3Y9OMYs2N1Fd-eg5S-FfEqVPJYrqehM2_IaWlKZFisoyrDBB2REaLFhHUyJ5iH_YRxBnbm0-Aj9n5cDNvA51cOJ1yqOvM853ThwuCBoPRxFhKmWSXvEwP3I8gK3_2z3jKUfoX4PTjeZflbzkVKwr3dpACwDoktHwNPVOuM_rqLPlYB9yCE8ukMRC6U15TLvv7Rji02dQN7Jo4PTMK2kvPttCYGg38cRyZWueltanG3P0U4dtLiPtE1oIi1doTqABG4f6fA5NuFgPRmeQ5VPoNnaxbJS-y9vv54yb0jphJMSq__WiSIB9_5qnr6XVC3-GD6Bg0u1Rp1AiPTXXXDAVEVZuc0L__zzs0pt3V3Rx8oltLLxgL1tpxAe5bwcHo62idcrmUxR553n8TyEN5qJp7Bu3hhqvFdsge355i0zZAXnEKHCpbzLYzZqfCk8JpRCFFRjJoOY-O-RsK-AqkgbCOV6-D2WMMUaLPbnqnJ5zHl8fNHMJusiy2q8aB2HIk4ldqipTQANLE98-mujsxNOAsSDLddFGYb758_7q97_3bkC3mrx_oaDeslHznx_32wrC_Laofde9ikKOFUVsF31xBSK9BOTF351V-vns-E92wSa6hFrIgohNe5u2NrTMvjA==&vjs=3&p=1&sk=&fvj=0,trinet
Confidential - HiTech Consulting,https://www.indeed.com/pagead/clk?mo=r&ad=-6NYlbfkN0AYDWYRCIzLnYKwD1WjJ9mTr10ySEujrNJScvng8U46IZfQGdZG4aRmURV6nt078Wh0wt8ywHqz9eiAjzUh6kvQlEvqlEnvTGZ25m-kbcUSD_6wg-BOlsYZAeFuPNEgylNhydWUlrhxQ6cKwMfCe9mJQ0TZhFfffqMXCf9r2lz7J2IiNl-ch8LEkL0qY7OviRL4lc_uekMVEsZhrt2v84Bw5pLFjlA7WC2QVo9p5mTgQbnopOG7-j3vyEZznCB8nD8-PFk5J7CQdhjFcxCruJCn28sKnYO7FhErFE2Km5u71-Ngo1DjGixaIwtROTo3DdzR6EOwKcjVTqbf2iPBZpmqIWtd7dlHOnspjKWpagrxwCx8sjto6y2D5eowUVAQ3m66tbLuA3LgzOzfzNVaRI_GHmh205V4vAIiefFhO4ayZQ==&vjs=3&p=2&sk=&fvj=1,trinet
TriNet,https://www.indeed.com/rc/clk?jk=366cef7090bbb7a1&fccid=7f888820e2227fa2&vjs=3,trinet
TriNet,https://www.indeed.com/rc/clk?jk=1e55d0026be5dd22&fccid=7f888820e2227fa2&vjs=3,trinet
TriNet,https://www.indeed.com/rc/clk?jk=a2637092670390c9&fccid=7f888820e2227fa2&vjs=3,trinet
TriNet,https://www.indeed.com/rc/clk?jk=232232447ce0fdbc&fccid=7f888820e2227fa2&vjs=3,trinet
TriNet,https://www.indeed.com/rc/clk?jk=092857cbae5e6311&fccid=7f888820e2227fa2&vjs=3,trinet
TriNet,https://www.indeed.com/rc/clk?jk=172b5c8e6a4f9bad&fccid=7f888820e2227fa2&vjs=3,trinet
TriNet,https://www.indeed.com/rc/clk?jk=146f3609b4575905&fccid=7f888820e2227fa2&vjs=3,trinet
TriNet,https://www.indeed.com/rc/clk?jk=4dd1de1b668250e2&fccid=7f888820e2227fa2&vjs=3,trinet
TrinetInternet Solutions Inc.,https://www.indeed.com/rc/clk?jk=1fa7562475c0d03a&fccid=5e96fbb043528bb5&vjs=3,trinet
Menlo Therapeutics Inc.,https://www.indeed.com/rc/clk?jk=7dc9a50565fbf67c&fccid=12797bd322855e01&vjs=3,trinet
TriNet,https://www.indeed.com/pagead/clk?mo=r&ad=-6NYlbfkN0CW9I1LTUtCcpe4NCuy0uGo9SGDSlZpkBTVJ8sM1TRLg5d3Y9OMYs2N1Fd-eg5S-Fd9PjKSlhmjdmzTNhrn0eGR6pUqErEvnmdquY2_zt4UPl2XdA1JM0igDVLLQ_RFsJLhG1auQJZQU-0pW8DE6pL0ZjH8Vi-GD-pBmGmKqy5d9GMQgRI1u-QFwlt1L9KKEisGe-iEVwkpZrusaO1KwygO3SUynRVNj3lJxzVamN8ooYa3W7VC7ep0an3P1hB_O_Kd6O2cb-LEyjLqTeWyQ0xarzbOIFzIWchjIGWhk8C7jom9Gt0THTPb_WulLJ-963j6gR5fv2-vjGfqUJJANIAuMNulKDJ2z4DIHdfrbLqDEWt-_gcfKBfObhEmEccLfNt5Pzy7PQ1UGMPrUvhFYd5b7oORiiKbt_TQtd2L8vNiidS2qPbTjbLC7FEQ8M7af2yiP_kAYkr1fn--QRjw6Rf7wgMS3JSE7bKe5K3zhbnJ82T8_LRVRwLie8bo_THthAWQvMrYOgr26LkMY4-J2bFO0E0d8C-NYuXtrcVHlgTkxZur4xOE-JNRfbvC9oxtxdCxwNfPOl-4jplTsLxC0mUTVP7Wz5HVSPBUPA3Ug2yaMIav3QOl1LZXF7xigzpiYx0iF9SHhZZySrLjA0KsDaCLCs_aCo2hmNY0at8gOu-X2A==&vjs=3&p=3&sk=&fvj=0,trinet
TriNet,https://www.indeed.com/pagead/clk?mo=r&ad=-6NYlbfkN0CW9I1LTUtCcpe4NCuy0uGo9SGDSlZpkBTVJ8sM1TRLg5d3Y9OMYs2N1Fd-eg5S-FcHsxkL-SLvrraFq-gWfXYxMnRxAgtbnMS69TQPa5wpJh-o-wg-e1z___MHP_fRRVHwO_wu1PmYH1aQmUdyGgGZ-wV23E70J1IYpNNehEZHb_zjEpyYIA0O2yKS8RtNGbihZpICRL7sk4oo2-rfu1j3aO5rctyn8-QqsLLU2jzKyx5nkSmMRVyQrjw2BzujbRn-Q_o4ZnHP-nc1SoKkn-1HKOFToiCwRV5_3YA6pSXDrH8PqXfIVpuwGlNm6MZIeLhzMqKGHD9uC7iVfbLwgjf_KtC7mFunrtYMCQeIVmoJfXtdHwZv5r80lI8PL9juo9W_1K4Btu_9LJ6xWnQrkJPnCQBdGzYWfoajFLUq16YxCGrDTLoisB8eu1GSGrNBDa-7RmDul9QBpuhOpxlllkFukiIrBC6TQ01SkJzFbF4YywUz--a8g4DGFnMK1mnEzICzmBItsmhu7zX8cuPlu1P06LZQI8c79bFmEuK9ouG90x0It_y23VJFR4cN-eN3ENSyiX9tHqqLxP3TSA4hRMDjR7eU5U_SJINNPhvM6EmwspKH7v2SZfZnbxLJ3prbeFRmx1-b_jBMOpcTopP_ydKWh2DdVLnyh3z8muYyEOR4Ug==&vjs=3&p=4&sk=&fvj=0,trinet
TriNet,https://www.indeed.com/pagead/clk?mo=r&ad=-6NYlbfkN0CW9I1LTUtCcpe4NCuy0uGo9SGDSlZpkBTVJ8sM1TRLg5d3Y9OMYs2NRj_0-71PmVaI5hIJIz0N9ZxMHaofTcDwlkYZRhXn2ObwKFMsiqlzICyaYrI5sNdichgWEBF7tub-uLdpRu8wbCh_Lg33lwdR6f7cuO60oyj8G1a4Nn5QdqUd1F_Y-OzguYW4dFW3VpdMLd3GWjnkhWL10ZvU4ivTekdSqCK9FZnBeHg3wyfeenyLqArVacpE6I5RhKF7pFRuEqpnmh5xjH6r1qZZ1dBO6fJCtNjzdJSAEKxpvdMwQ1JMS20BFjqw_S4-UFT6y35MAxMiRRTQnNycEfvI8ZczHyZOUneeBnE99_aV-zFeyjoCkPXcAWxZwsfAgLUPDGWPGgmegUMLuB1N4X7B5W0-cUvmTNYAZ9Yza0061GcZ1t2rdTFvQAtmVcgU7olM2AaUMe8kB5WTs80mpLFB-ap_o7VXaTRVBY6ecwaY1wI-A-gQ9_UHyiVbF02C3YNGYw1vyzqqn5k95k9s-GtUBdQdcTbJZOUVuyE4q4sCCFNIniKLWyt-XOI85Drj_RJKzxYjdzU9BiRfSlkqJfGKJPhr7UyEAOeLsofvxmJZv6ssQRkIHP6Ut4RRccUqrB_dREhpNiHHGfToD1C2bfuaZ1U5Qq1ldfREjhFiwart8vLfCoQbryhjx-tj&vjs=3&p=5&sk=&fvj=0,trinet
Confidential - HiTech Consulting,https://www.indeed.com/pagead/clk?mo=r&ad=-6NYlbfkN0AYDWYRCIzLnYKwD1WjJ9mTr10ySEujrNJScvng8U46IZfQGdZG4aRmURV6nt078Wh0wt8ywHqz9eiAjzUh6kvQlEvqlEnvTGZ25m-kbcUSD_6wg-BOlsYZAeFuPNEgylNhydWUlrhxQ6cKwMfCe9mJQ0TZhFfffqMxwYioLLrAvWt4vS89mWMYHg5hoFDQ3w81cl61ksBo_VAbxAIPXt8zflWqao7BdLOYd-GU8ThZFD67y4kQs3S68h2z7PC8hLgYyVbczi6UycLKFfCCmqY6I1VzvfxnM4P9LJvoc7djYYQBG6nIhHG-W7N0Nw0WVRKDng1KBVKAEiCTnpqfru8_RhKXyOktrjS08pKgiGrVYiBxTBLRmJQCJvWJsjHizmvvWxfS4wx4x8THz0FKEGd19WER7w6nFQZY2PBCp2QccA==&vjs=3&p=1&sk=&fvj=1,trinet
TriNet,https://www.indeed.com/pagead/clk?mo=r&ad=-6NYlbfkN0CW9I1LTUtCcpe4NCuy0uGo9SGDSlZpkBTVJ8sM1TRLg5d3Y9OMYs2NRj_0-71PmVaI5hIJIz0N9ZxMHaofTcDwlkYZRhXn2ObwKFMsiqlzICyaYrI5sNdichgWEBF7tub-uLdpRu8wbCh_Lg33lwdRnXYMYFbSrJjk-hHmn-towSHrekh0Yhykf_kccybf9ZrcRs-W7_soWoIa1X89HsR-qJDRDwPlKYK-6q_qsEwuH_C4ioAqM56abdeFbU6xmgz-8a1Dc5g0dIoTDJ3hpOOU4mn-MdHSPnYcr6gzAHQsleTW3D-YlwzTR7bvg5s2yYwS_slWI6nujKtXHxZqLR_ZzNwBrTjAmCiMJN0FXltQBCtaVKfCOyZiGqqkucEoqUH2rS_sa9ZfnmbyMIAcRbg1TXOhz8EAnRhgWWL-nX3Lp13iHywhi6SG6ItD8igQ4dgz-HAszmdXAgkuIhWjqWp4SITqCPzYfdbUzxqcNnb8QkJQ-CyHjdfu49LeJaCr8Erm-vTFiivW-6WMmex16GFfxkALMrqV4n3h5AyRlEZsmswIvyQqjC61ie14G1-N7DdDA68qItYuO4PfCsWsZljrTdctXPi8FCI2tWyHjXU9HZocnWou-7bkTtqvIFcRx5NZsSwG8Leb5hZ4s9AjsxwmdUAqAM5frEm2kEqUpkSqhn9qV1UTeC_m&vjs=3&p=2&sk=&fvj=0,trinet
TrinetInternet Solutions Inc.,https://www.indeed.com/rc/clk?jk=fd9b271fefa8abdd&fccid=5e96fbb043528bb5&vjs=3,trinet
TriNet,https://www.indeed.com/rc/clk?jk=89f856584838dc16&fccid=7f888820e2227fa2&vjs=3,trinet
TriNet,https://www.indeed.com/rc/clk?jk=e1dd92044d28b46d&fccid=7f888820e2227fa2&vjs=3,trinet
TriNet,https://www.indeed.com/rc/clk?jk=55000922156f0031&fccid=7f888820e2227fa2&vjs=3,trinet
TriNet,https://www.indeed.com/rc/clk?jk=341ba24b8b7f16cd&fccid=7f888820e2227fa2&vjs=3,trinet
Menlo Therapeutics Inc.,https://www.indeed.com/rc/clk?jk=7cfdfd25553c74f2&fccid=12797bd322855e01&vjs=3,trinet
TriNet,https://www.indeed.com/rc/clk?jk=160073bae5c49090&fccid=7f888820e2227fa2&vjs=3,trinet
Regal Art &amp; Gift,https://www.indeed.com/company/Regal-Art-&-Gift/jobs/Administrative-Assistant-Sales-Support-39deea204f58262f?fccid=c39d9c0e74015d84&vjs=3,trinet
TriNet,https://www.indeed.com/rc/clk?jk=4b8c0139bf3d98cd&fccid=7f888820e2227fa2&vjs=3,trinet
TriNet,https://www.indeed.com/rc/clk?jk=99fa942da2e2b3b3&fccid=7f888820e2227fa2&vjs=3,trinet
TriNet,https://www.indeed.com/pagead/clk?mo=r&ad=-6NYlbfkN0CW9I1LTUtCcpe4NCuy0uGo9SGDSlZpkBTVJ8sM1TRLg5d3Y9OMYs2N1Fd-eg5S-Fd9PjKSlhmjdmzTNhrn0eGR6pUqErEvnmdquY2_zt4UPl2XdA1JM0igDVLLQ_RFsJLhG1auQJZQU-0pW8DE6pL0l0-NDxxeqJtVEMjEVrZxD99a76FrrWDJElEdwBktMTWj-PmIt_3t_xhmiZZVRBYcdBQbmRx_C-Ztw82b68kZubIiitJJKRh7hlrs4Dl28NvaLLapIjzCEqlCVX7bvfIIM1n4SvFZRn365WQT1K12QHXGWOFRYXxEDjGc9wqTula7TXTfzMpMgsdHBCvhP7uDNO_jx0v7hc4pQXA9gcSXC8h3_Fl2cTxABoRV5S3aN8LDMEXsB7cgfGuBImCpcYeqfMV8_fw7Xzv8KWhpJpxl9j1Dthxt_duUW6VTrQFNibHftxp18doqw1gjU8J-ZkR2RAH-RAXnU12m_InpNeqN03fHpfl-vVBgChr0KzMbyNgu_UwZ0_TF7vC-8z4sZjqmYcEV-nEodKXRb-G8x2bIL0cERpSiEAJ_6XdtKFcnYi6RC6_uWYCG7yVsAJeSUGuN0C_49TKOCSgTLQaTKENAxydfwbvSHuXu-cX6f2V8i2eD27r8nj60-OBThNWCzp9VOtq_CPs9adPnPijqdmg59g==&vjs=3&p=3&sk=&fvj=0,trinet
TriNet,https://www.indeed.com/pagead/clk?mo=r&ad=-6NYlbfkN0CW9I1LTUtCcpe4NCuy0uGo9SGDSlZpkBTVJ8sM1TRLg5d3Y9OMYs2N1Fd-eg5S-FcHsxkL-SLvrraFq-gWfXYxMnRxAgtbnMS69TQPa5wpJh-o-wg-e1z___MHP_fRRVHwO_wu1PmYH1aQmUdyGgGZYydYOiKy636aei4uy6fJM2--NaCTJO3XFchkLYGOBOXbvL_5ZqV0Fn1EWP1TCvtvIMF6L8wlvS3q9tsZtHd7Oju7WdUK1x2dnCRdTgLkM53r0mg5XflXx0cjESqMW1116ew3qoF3FpyGeyjniLcUYgBXoAsfYa0d-0Znjwi7P4SSFXV1zueYPI_HP0qo9yDiqy0cM3RMCef7T6p01vQP5w3rNtWobh1L_VoQ1go42UCJMQKQRj3CvuTk-SIIktyfztT7jv95H_9OmkvZuPl6ERYRoCut6V4-dPNLlra14N_lPJH1hEdrNkxCAMs59XRsht9Xal27Blj41deMro4yr96WdBRb_bCTj-B2V3AQMlYQWykUCRUpd1kbusYWIc5UMf2i35BnEFGufJDPCGxthOBtLTZxZjbbSqmgtSm_18Ibnhrqe828QwAPlPyvJPg3YkwhyXy56ZCcNL1om3U0wnLXIem3l6uBg3iVjp6xAlNrYD7azSKy0d0YID8yM2QoZD2TL-xO9Bu_M77vT9BWyw==&vjs=3&p=4&sk=&fvj=0,trinet
TriNet,https://www.indeed.com/pagead/clk?mo=r&ad=-6NYlbfkN0CW9I1LTUtCcpe4NCuy0uGo9SGDSlZpkBTVJ8sM1TRLg5d3Y9OMYs2N1Fd-eg5S-FfEqVPJYrqehM2_IaWlKZFisoyrDBB2REaLFhHUyJ5iH_YRxBnbm0-Aj9n5cDNvA51cOJ1yqOvM853ThwuCBoPRZELaCXXlJbZ916bTzqDqwhANMakVdrP4NLuA6exd6uRMVS02axYRXrDjxg4tzbhGReFNYfwpBwhgl4RkJv0FhzM5KI5U0YtdA7_cj-pPAFUsypSU-VNvv-CWA5jeBO8kgTuFdFYYdb_0mICEHbcv2EcJTb-nUt-hwj_QAemq0QPdpGCAewGSDOB4LHyMFGkWpwmZG8w28r_f9v06FTnuZruJGLW8uFwVm2Dum-tfapV4pO4Pj7gR3gKIUU8rgpUbVZBWQrWdjyaXqFI89S2mmqQEv_kEf39prXTa_OLwcWnb4iESy9w5gZMn3TAq-HAkpXrrq9K5Sn3YjYcD9v5U-AG0qSepPFEKMhQQgjHu9CWqJpiHpQZEUcy5mWkuD4fKk3MkethNHp5LLEmGBL1y5BUjRgVtBsRnFKT3mo9cqZzuBnCOk8ltO8ipKDyQ6lLa0tYZ4gynH3q9rsTa2FI3kKyWwzjsT59BzvqG4shHIINIVJK1cDuMgLiwcUySBZqmO9Uzqmocqn8fj8OkFaxuLA==&vjs=3&p=5&sk=&fvj=0,trinet
TriNet,https://www.indeed.com/pagead/clk?mo=r&ad=-6NYlbfkN0CW9I1LTUtCcpe4NCuy0uGo9SGDSlZpkBTVJ8sM1TRLg5d3Y9OMYs2N1Fd-eg5S-FfEqVPJYrqehM2_IaWlKZFisoyrDBB2REaLFhHUyJ5iH_YRxBnbm0-Aj9n5cDNvA51cOJ1yqOvM853ThwuCBoPRQWxtvm-ocGyEENkq-YFqHhRI5HtgMHEeTLa-fT1WQfEqptBYthK_wMY8oXDDVQlm0-GosbGLyWx2Lv3wrecKmlNthi9uFF95SELB5A8FHfuVwdpKAjBpx-RlknKbEUw-Q3dqzfmnchyvM01o_w0tfaTY3D9sbqKUil7TugjZmz6GBI9NyF1qXiVxs6ICr7Qq2KBLfAMwxxToFNcu0H1avtUDrHIU11gRktNGjvvDdXVQ8vf2P-IDvxdP-UGJLcaWghsP_x1_yI5ZF3mOu4j1ipb16yU2KpKKazB_uF0qxzWUWuYipEpDgJrH8J23y8AG_pFr-wSHWLQH1GOtMH1FmzGAmESdVsalPaIVW2ox6PRNGdvm8BL3_8FJZ2J2m9RR8PK5D4Snbx3nOU0ITFjj1rLgS_mgjozTbyUVk44kg87gT3nEuW1ozDTYlHfBcYee1gn4Ue1IFFsMgaKA78NDCCGw8ZNWHyPufTXENrjd6g0YfDVWfiRf6pSWegHJJCra4C2nCrDW3y4b4yYMhVkFiQ==&vjs=3&p=1&sk=&fvj=0,trinet
TriNet,https://www.indeed.com/pagead/clk?mo=r&ad=-6NYlbfkN0CW9I1LTUtCcpe4NCuy0uGo9SGDSlZpkBTVJ8sM1TRLg5d3Y9OMYs2N1Fd-eg5S-FcHsxkL-SLvrraFq-gWfXYxMnRxAgtbnMS69TQPa5wpJh-o-wg-e1z___MHP_fRRVHwO_wu1PmYH1aQmUdyGgGZHA6YcJ6XfGrvFaTdI7k3rrBuuViuqX7VuDgs2Va3RUIKLaN9eVstF0YsFxh25igsa-TjNCHhH8cljB8wj9Zsggxc6iNPxWRDfQcBtwnW5oTf5eQntFzMh2QtDL-iW3CZuoRQxWIj_l-52_Oaha4jm4gP1_ilsVzBBpVe3d4qdS-363gw2nqXv5S748Y3gxkJT2tObq43R7imqopY9AMTOteKNSMm785NW3bvDmObhoyOJzhYIMHqWoboyIc0M0KTPrC6jGCCBZt5MXDv2-G2wlXQRW_9paD5bkncvJkR8g1lHn0-pd4eZGQsJfdD0FUJxp3auMoreZwhmfcIp0pXX41W_C_r7Vd11kwELvhScNi3t8WPRTXQoZnoMYPdwkYBghGukFKKADdcFN0lyUuZcDe9b01TySmZbyNQTPTVrlDcc1D9Pu31YlYsokc7cGD-9OeGBjxcDamfuWh-9yUI76hIG3sEf-VhBjh4yn8TCaThSibowczCTS18YxsoxVDnER-i6kfxQGFgn6zuUfWKqQ==&vjs=3&p=2&sk=&fvj=0,trinet
TriNet,https://www.indeed.com/rc/clk?jk=032f4b658a36f926&fccid=7f888820e2227fa2&vjs=3,trinet
Dolls Kill,https://www.indeed.com/rc/clk?jk=35c8398f68ceeede&fccid=da7cb7068b5cdc2d&vjs=3,trinet
TriNet,https://www.indeed.com/rc/clk?jk=d2be2221d49892e0&fccid=7f888820e2227fa2&vjs=3,trinet
TriNet,https://www.indeed.com/rc/clk?jk=34ee4757a816b85f&fccid=7f888820e2227fa2&vjs=3,trinet
TriNet,https://www.indeed.com/rc/clk?jk=501de4b50c624dc5&fccid=7f888820e2227fa2&vjs=3,trinet
TriNet,https://www.indeed.com/rc/clk?jk=09f92e09e1ded54e&fccid=7f888820e2227fa2&vjs=3,trinet
TriNet,https://www.indeed.com/rc/clk?jk=2a20a7a8209850ff&fccid=7f888820e2227fa2&vjs=3,trinet
Cerge,https://www.indeed.com/rc/clk?jk=f0434b46f0454892&fccid=f36146091d95cfb8&vjs=3,trinet
TrinetInternet Solutions Inc.,https://www.indeed.com/rc/clk?jk=d4177f8cf7ffbeae&fccid=5e96fbb043528bb5&vjs=3,trinet
TriNetPharma,https://www.indeed.com/rc/clk?jk=92ddd05e51f2d2f0&fccid=0939a71d64bce788&vjs=3,trinet
TriNet,https://www.indeed.com/pagead/clk?mo=r&ad=-6NYlbfkN0CW9I1LTUtCcpe4NCuy0uGo9SGDSlZpkBTVJ8sM1TRLg5d3Y9OMYs2N1Fd-eg5S-Fd9PjKSlhmjdmzTNhrn0eGR6pUqErEvnmdquY2_zt4UPl2XdA1JM0igDVLLQ_RFsJLhG1auQJZQU-0pW8DE6pL0GE2I93CA6FMUQEJkV0C_Qr1eyL1zBGtcUP2JEBw4HocNOeSMRH485ejuJSdavhgEnhqE-lJ-fdFEqz6N5VF5CPVwopmtQyv-KNMBJeGhvd8p8WMyTsyas4KD_YzcfQllfa9RbWGBsvqedo8Pm1CnyVEbmYntq1ofGE6XoGMQPn0Y0KoTF-ZHtBkwtRdlqaPpbBkekqOTHltoylDx-QSz1FY2X5MjZ4cvJqLuF_j2IiJzEhgajOzOWwdE5r0nZAw1x_FVxcQ0e4wWZGKxgErCQPUPUZayxvEh3PI6do_JBY1RJIC5LXT8qxRnLNyq9RYjYKJglJ36pLNnvstqvVpENqMxhnAKIc6EHnRh8jId8BdlwSnnJLaaXMu9grOjPSLKZQFBrSdIj0KUGuiDRvhzqfaZQKe7r-xPWwZHpis_sPQOX4awpBVlm3ku1pU8BJsLeB1KjXYfj_Lf7x7szuE9hAvThiAXEWCrRbFcyxoL3iSIrupKTpUiNNb3-dPNfqXoOxcu9gs273ullogS3OxxFg==&vjs=3&p=3&sk=&fvj=0,trinet
Confidential - HiTech Consulting,https://www.indeed.com/pagead/clk?mo=r&ad=-6NYlbfkN0AYDWYRCIzLnYKwD1WjJ9mTr10ySEujrNJScvng8U46IZfQGdZG4aRmURV6nt078Wh0wt8ywHqz9eiAjzUh6kvQlEvqlEnvTGZ25m-kbcUSD_6wg-BOlsYZAeFuPNEgylNhydWUlrhxQ6cKwMfCe9mJQ0TZhFfffqOda_CkcSc6JllYeLxF3c_v64Gnj9W9YYFLv0VhogLPAmJpRZTf2J0er6AxYcWGe4a4wMiQsxrIHS8o0gA8nLHc0RhjIEmAaLDMhPN5tGAKUlWfu675SzmEwRxfNQ8cUd8dy5_wtLHA5ST8nUqzgg_bfY3KrObRagLibb3iHIlwqSabtMJN6ONVAc31LOGswtN7rk2f9fhOu8qJ9eO_iZrucyu3-CkCy-zzsf9Dcm5iuTnFh6txVFK5GdyLsEXN_Z7x1WCNjVrx9A==&vjs=3&p=4&sk=&fvj=1,trinet
TriNet,https://www.indeed.com/pagead/clk?mo=r&ad=-6NYlbfkN0CW9I1LTUtCcpe4NCuy0uGo9SGDSlZpkBTVJ8sM1TRLg5d3Y9OMYs2NRj_0-71PmVaI5hIJIz0N9ZxMHaofTcDwlkYZRhXn2ObwKFMsiqlzICyaYrI5sNdichgWEBF7tub-uLdpRu8wbCh_Lg33lwdRZRBMsqtGGVun9VUamzexEGTix1wTC3in3Chh9qdBU2geBQ2wS7eN3qG6Fv_p5NrH4TsVv2jtZE-3W7TzVyolQZwqw5Ko5qGXwMt5BGcDjp66R6crl_v8Tg6Ns-wVXhB3GHx9PsIk8HKdRNdOU4GOUneq_RiapPCZ-igYpmmcXDJEVhN04wdX2UUW6ndFlvrmLFWhBo3gzs2ygzQXZSGePo_EUK40A4CIFWTwSelc0dU7h1xJAf5jspvUwxsuZGZZtA3OEczx4DQD8W9Wn3gOtLwR4bjC2USGqoh6bYMasYPJW-IJa-u4vy63Am2vqACN5xZP9jqR2wCMIaRvjghpj_0HefSoObncUazEgI37nUEPvl_htExDfO-ohjaGqzeS5advbwvCww6C57nWZUGRhsPC8kBoDxhb61gv-L1F6Mir0xdDG7Kcmkt-xGJ9yqadDh81k4daDtkZf1P8fQRLwwQGLzniRmQ0NYWoHhSrxw5jWGAhlTzt3qSBuPeozp1JU9dXhOSU7kN-SzVGXnmP7gKZeKi5Clc6&vjs=3&p=5&sk=&fvj=0,trinet
Confidential - HiTech Consulting,https://www.indeed.com/pagead/clk?mo=r&ad=-6NYlbfkN0AYDWYRCIzLnYKwD1WjJ9mTr10ySEujrNJScvng8U46IZfQGdZG4aRmURV6nt078Wh0wt8ywHqz9eiAjzUh6kvQlEvqlEnvTGZ25m-kbcUSD_6wg-BOlsYZAeFuPNEgylNhydWUlrhxQ6cKwMfCe9mJQ0TZhFfffqP6J50Jd4zFFNqlOMRV_kT7OGjsHvtepo_fpijkd7xTpoCbv6tfHAIcyTB4PYUjXX6n855J73Oskj46nnh8TnX9CV6jTTXgoWlalZpoRRYl1haFH7j91EueLfuuCdqsD3O50Pf2RFYRk1Qy37txOsRfF4Rgi0PkkCvE8cbL4V7oRR95a6KS3bBjKFN0SkPXEt4OpGGPIPe0s9zp8JeIMc0irdmGlkZNJBYY26px1_HpUhQJLbkfg28lvfvJ-4VEHC_r3WmB-p2wzQ==&vjs=3&p=1&sk=&fvj=1,trinet
TriNet,https://www.indeed.com/pagead/clk?mo=r&ad=-6NYlbfkN0CW9I1LTUtCcpe4NCuy0uGo9SGDSlZpkBTVJ8sM1TRLg5d3Y9OMYs2N1Fd-eg5S-FcHsxkL-SLvrraFq-gWfXYxMnRxAgtbnMS69TQPa5wpJh-o-wg-e1z___MHP_fRRVHwO_wu1PmYH1aQmUdyGgGZ-c0cFjeMsaFfRp89tkB5swdXfP-_aJO16pNtqS6HejpIJHQ_uLk33mlpFSXYkhL-GogWVJimNG5eSPF5bIMiBIWpRFuIzklUDqXkmrxO7vJc7OD5kgkVSMLzeK4VFLdAQFup_CgwbUArHER6T0LTSUbgVrRhwA3bCVNTzd756gh8cWNMMqAPker2CqezVj8DOKliOfyPuBxBsUsrbalO_vJrJcs8-9ZPwt7id6_Q2Jtyw3Pj1M15c1KIs7YL7ylT32iVK_ujwom-H6qHqa7slU6JzQmjrapAgnbZxWSYMalWqlHOi6E993SkGg2AHi-ZjHhk-K5pNLMoGufBr43WNE7bXZWzQNpvNdOO2R3ccEADnEDy-B-jewSqPNCOTuj-LKVAM_VkfR11UYmXtfVFYstD_iE5GKDqbHX16Zj3FZZZ6pU5fZ68v5bAFDfCllV1n5gvTHCdtrife3deOhIkhAqjP2CtqEeg2BixLljZ5tXXjSBzdTw4nx-KJ46QaMWDN1IK19rkejDIGKXeMrl_Aw==&vjs=3&p=2&sk=&fvj=0,trinet
TriNet,https://www.indeed.com/rc/clk?jk=b0ce5a6a61682c36&fccid=7f888820e2227fa2&vjs=3,trinet
TriNet,https://www.indeed.com/rc/clk?jk=d74ce05b5b88542e&fccid=7f888820e2227fa2&vjs=3,trinet
TriNet,https://www.indeed.com/rc/clk?jk=f2fa2f6834e61d60&fccid=7f888820e2227fa2&vjs=3,trinet
TriNet,https://www.indeed.com/rc/clk?jk=0642b08c2dfb7eea&fccid=7f888820e2227fa2&vjs=3,trinet
Equus Software,https://www.indeed.com/rc/clk?jk=6c45007a596faeaa&fccid=e896cbdf700e4158&vjs=3,trinet
The Commit Partnership,https://www.indeed.com/rc/clk?jk=634e7337cb0e6e33&fccid=2dc4e6236d2eb1a6&vjs=3,trinet
TriNet,https://www.indeed.com/rc/clk?jk=fe7dd6cf384d0a78&fccid=7f888820e2227fa2&vjs=3,trinet
TriNet,https://www.indeed.com/rc/clk?jk=a5feb4c3e8664c53&fccid=7f888820e2227fa2&vjs=3,trinet
Plato HQ,https://www.indeed.com/rc/clk?jk=6cf6fd2a0f5af2b8&fccid=d20eb56c8249d2ea&vjs=3,trinet
TriNet,https://www.indeed.com/rc/clk?jk=bcbb12842098b4bb&fccid=7f888820e2227fa2&vjs=3,trinet
TriNet,https://www.indeed.com/pagead/clk?mo=r&ad=-6NYlbfkN0CW9I1LTUtCcpe4NCuy0uGo9SGDSlZpkBTVJ8sM1TRLg5d3Y9OMYs2N1Fd-eg5S-Fd9PjKSlhmjdmzTNhrn0eGR6pUqErEvnmdquY2_zt4UPl2XdA1JM0igDVLLQ_RFsJLhG1auQJZQU-0pW8DE6pL03v3Oe03kimdPEeSq0G_1Tou9Aorqnzv1vVEq7NBRzLUXn8lub6bU-UO_6PbBFSIx5tDUWU__-HX9O_iDzegR1oNypbilvo8091jVNJoeEI5rlQVbc_oWyTiU4O9-7M4uSX_RZLT509_b64xrKInK8d9zYbQ4qHf1-YNMWvik9Z5ZtE-9kjFGKe0YIZQGSlA0qcMypAJ2DbVwH0ILzj_O9n3sezVnThWwF57tHOz_28c3ZLBneWG_gg6Qhi6_JSOdmqZ2BqiECqrw3hGr1UMbEexqbwqQ-UIjPILf7bnd7aTZhx-X4bx2rIsXR7jPw7p51HOmFelHBgHe5Vv1m6a1GWmwsTd9qDD8VM3foesZyG1qq9bbOpTVPnt4nCL_rqWrjmYUcuosuT77adMhOQWRGaTVv-VC-hGfScbOoIseGQ5hZi8-mm8nVkM8PFI_EeHIswQsUiaIInsw2iXB_uFvOrphhZ-0UbycJ2RBak6qYXlqvBHx5ngB8O7RaCFVmnPcWJYeVi8j7m1rR5xT45gbOA==&vjs=3&p=3&sk=&fvj=0,trinet
TriNet,https://www.indeed.com/pagead/clk?mo=r&ad=-6NYlbfkN0CW9I1LTUtCcpe4NCuy0uGo9SGDSlZpkBTVJ8sM1TRLg5d3Y9OMYs2NRj_0-71PmVaI5hIJIz0N9ZxMHaofTcDwlkYZRhXn2ObwKFMsiqlzICyaYrI5sNdichgWEBF7tub-uLdpRu8wbCh_Lg33lwdR58AmoPjtnwbNNDbqMI76fiGVsTj4HX9NqOVGVNZ5pEmuihBgHTTQMiq-xfElGg4nw242eL7wEwfTjFbmTD0wecWVgaS1QlFsdMK76MxqXKS0Z_pkRLIgQNMcJzxVS5PU6XrqBbXw8U62g70n49zeJUrkHlR--0RnYjJyKtUBBZq_WXDQdIJb7Pqx2r9EoK-2M8dgzkg-6MG_w3UuFeyQIrAxU2d-g1-EeI9SKRkzzFxjAuLwT-SBJGBkSAohW_iB3noexUGFa4rTxn5Gy3ePMPsjA0EsrpiMEmwtb7GJC4qsn8HdYzLJfXggWmHVxBplV14V-cKz2LHesw0LMBFaFCr74Wm2rrJpLa6KLBI3ZfEsuT6l9TNFX-vhZx9pkkaDOCvu5xeZpN0RmtvZkM70u6P4imRyJoKGpi51QXAUxKoXTx8aUskY6yavw6fYaMKcy3re_BScgz1F5x8ZszWqetkMqmPoG2AgNBxu4Ge2i3zHTxRVVEsYyjTE_QGzL-2xvGFUt-3RnLFj181_d3W-J5fdYC3EHHhB&vjs=3&p=4&sk=&fvj=0,trinet
TriNet,https://www.indeed.com/pagead/clk?mo=r&ad=-6NYlbfkN0CW9I1LTUtCcpe4NCuy0uGo9SGDSlZpkBTVJ8sM1TRLg5d3Y9OMYs2N1Fd-eg5S-FfEqVPJYrqehM2_IaWlKZFisoyrDBB2REaLFhHUyJ5iH_YRxBnbm0-Aj9n5cDNvA51cOJ1yqOvM853ThwuCBoPR1SS6gJvMYqxJeAzqQLzLaDfowOZ-uR30A_b2Dq3BCqZOVUjhJsKzAupndUW7nFMlnuGTN1l2Ts029gJtwu8wCf6uqNr7MxXQuVemQNNWAtZvqbkEy8bEtCSJ3wrMKvUfDWI_c5sS2hy9rauUYU6uS-VOYtic8m6eSMClxDM7EwucEZmaMCKmnKc5RSDuLhI4TesaWUAxVw67llfectK82ldG28KWwiK8ocspa2ri3JEoRP8EjAbBjpeqS119EqSCjySoI6DZiF5_dTtBQfF0b8fz3XCXGVehtFTp3-tlhsSrM84Oy_y7QTussgCwXbVKPmiBEvoB6GN6ilsms4u_EzonLcSDeqRJ3K9S3wbMsZQqxbFNWo6bZI0ZuIsCCym_uTHbQ3T7HJbTaA6Uo0cbSdkicAfyYchHWpaPqm2OruxJydMOIlbcaYub019bbloWT_e62Fx1q6oXaWv9w3RCLmNbLPLttF9Er6cLO0fXLBWaCNm9CO-KArz6FMmK8OxzxBX6Ir03k2hUESS_nbFDuQ==&vjs=3&p=5&sk=&fvj=0,trinet
TriNet,https://www.indeed.com/pagead/clk?mo=r&ad=-6NYlbfkN0CW9I1LTUtCcpe4NCuy0uGo9SGDSlZpkBTVJ8sM1TRLg5d3Y9OMYs2N1Fd-eg5S-FfEqVPJYrqehM2_IaWlKZFisoyrDBB2REaLFhHUyJ5iH_YRxBnbm0-Aj9n5cDNvA51cOJ1yqOvM853ThwuCBoPRLICncviBqqcxabMS6yuc4fXv4MZ4VjAwiQTkN1c2V97AHmimTa0xWK0LhmdfTNkaCWRc7iZD74RMR0CNk7xZn1P244FfVoTizn3zvbqKq1lheP1shDXqB70AmOObkuaxm7czoXQgX457fv5esaHabJh6A2S8DJexa9piR9BwjPuT4iqXz-WAj9tK_NENOcNrTFrev9vHNqX4v8GJRf6UGf2MQ0FndmVjdrtMPgQIFKOfrTcSOboc9q599QXm19zuXlzTdxUD325nv9ENoom20_gfWZrLklomuuyZ6ZEIpP0HCvGp13_vwdbXxmai-QcUygKqtSSUQNCgPNqdrVqfqZ-5ybrjPsBmk00BV3mwSu7PIgvhYqkd3YPSP-9xHmVxfqJFjOxWEL0U1qNrej5H7JLPiwxYg1c_5IILV4rGjTvTCNX_ZmbgFiYx7FD4Qz8YyMNNAnRnmq36336XM4kY8rcyzR8pzj9zoegDthm22HMPgb2IKR_SG7OWkGRR6K3eiW6PW12sSdabquj1ZrOpcA==&vjs=3&p=1&sk=&fvj=0,trinet
TriNet,https://www.indeed.com/pagead/clk?mo=r&ad=-6NYlbfkN0CW9I1LTUtCcpe4NCuy0uGo9SGDSlZpkBTVJ8sM1TRLg5d3Y9OMYs2N1Fd-eg5S-FcHsxkL-SLvrraFq-gWfXYxMnRxAgtbnMS69TQPa5wpJh-o-wg-e1z___MHP_fRRVHwO_wu1PmYH1aQmUdyGgGZ16wucW22tTOEzNackTQ5bwlr_jakqa1G_-9jdmg5JcikBYBCgmNlz8dnX3fVn7YM3jhEJur0Zr0o9nIq5poNhAzSELJb897yFUf_vjQfsVphXBzU7oNuMCYRQ6jpe9nAA6vapHAiprKd4WE_a7g7n2UeGYa0mTt1dDZ-uQp8cRsWBv9SYzqGvXDEtRzVVnHkwH9g_iQ3E_cf5v_3LI6RKVcdX_GNAO9lZgCJBUHPkiR7Mq2NvCNZI8mBxorTHsunmLooMIgLqdh-8hfdXwyysGw4q8Iz0T025d5-g4ng_ZoN7Ii7hey8gkFxRda1X4fASMrRs8nbqYmtx2jY3LI1olfTMJjMRmTfhMj7tCHgDXQEd6v4AILUyOar6HL6Xt-YCXe_CLS8VPdd7oD0gj_LxquNaMW1n9-pUXyXD-iDJAmyO8dXLJ3PAL7Lutss_go4h4VtHGEvTMbCT0QatvWZiFiEyx8OLaE5tnFqMk9KrFUXGREJo6ANmj8uFhBHz8UOBHIVVwLQoLce72cKhaOB_g==&vjs=3&p=2&sk=&fvj=0,trinet
Aurora Innovation,https://www.indeed.com/rc/clk?jk=0acfa47ffd8a7e7c&fccid=a17f58b80cf72f73&vjs=3,trinet
TriNet,https://www.indeed.com/rc/clk?jk=482cd1707b4e6e1e&fccid=7f888820e2227fa2&vjs=3,trinet
TriNet,https://www.indeed.com/rc/clk?jk=2a30b4f70a136a79&fccid=7f888820e2227fa2&vjs=3,trinet
TriNet,https://www.indeed.com/rc/clk?jk=4dfa817f4c382fc0&fccid=7f888820e2227fa2&vjs=3,trinet
TriNet,https://www.indeed.com/rc/clk?jk=0e35286a11e8fcc5&fccid=7f888820e2227fa2&vjs=3,trinet
TriNet,https://www.indeed.com/rc/clk?jk=4d580deb03c16fe9&fccid=7f888820e2227fa2&vjs=3,trinet
TriWest Healthcare Alliance,https://www.indeed.com/rc/clk?jk=b998860d08879040&fccid=c72c8c3c1a8915b6&vjs=3,trinet
Karros Technologies LLC,https://www.indeed.com/company/Karros-Technologies-LLC/jobs/Sdet-46444f96b348e0ac?fccid=263ca88912269171&vjs=3,trinet
Calithera Biosciences,https://www.indeed.com/company/Calithera-Biosciences/jobs/Human-Resource-Administrative-Specialist-5890ac2aa9e2e349?fccid=2fe1f4f6b6359cec&vjs=3,trinet
TriNet,https://www.indeed.com/rc/clk?jk=32dd80bf20e9a44a&fccid=7f888820e2227fa2&vjs=3,trinet
TriNet,https://www.indeed.com/pagead/clk?mo=r&ad=-6NYlbfkN0CW9I1LTUtCcpe4NCuy0uGo9SGDSlZpkBTVJ8sM1TRLg5d3Y9OMYs2N1Fd-eg5S-Fd9PjKSlhmjdmzTNhrn0eGR6pUqErEvnmdquY2_zt4UPl2XdA1JM0igDVLLQ_RFsJLhG1auQJZQU-0pW8DE6pL0LFr2g6vEne1f4FVx7FFEjnvt6A_ICKRA46uxfxE4-xgO0ZtuejTo_mL532RZEEBlTzcBUWELxXzOdgaSxYjoMOtjkLhTN5khsD-snBG2GPi08qGUvTUOkB-WzKx8YSpGUWTqk11uJgX3oBLccwgavFRwa0NMNFrdWJ5eKoySGtZyBFwnTDJgirRq7zD25VR8Hyvl_1fO6T9DpyVL_LA_nVNk2eaVSL0CdDxqbUOTjE4L5F19uzxTbv8ISlLKCYMfIqEqDrEDo4oGxVyP5JOkUgYXcWUYeKU-TGd_dT2QUHou27GVBFxfPCjDgYl1EtD20ah18wi3aMFVvXBhDrC5XNBKD0fW-CFbRvM2rCnKEh8k18g5C61NIG18ITIHMb2-81Du-emXMTjv6yF1eu46ZH68ZQpkWjVou7HBLFsAe3Q8rRk9EW-XQTbdENU_TaBVYp_fFcEt1LQb5fzqwlqVApXGuIbI-dO5tI-nLF_c4pCqmMfi2-otlAH8a4Er4iXkT2Kx0yULrp2D6Ay0RoV1mQ==&vjs=3&p=3&sk=&fvj=0,trinet
Confidential - HiTech Consulting,https://www.indeed.com/pagead/clk?mo=r&ad=-6NYlbfkN0AYDWYRCIzLnYKwD1WjJ9mTr10ySEujrNJScvng8U46IZfQGdZG4aRmURV6nt078Wh0wt8ywHqz9eiAjzUh6kvQlEvqlEnvTGZ25m-kbcUSD_6wg-BOlsYZAeFuPNEgylNhydWUlrhxQ6cKwMfCe9mJQ0TZhFfffqPbcf96FpxC3yo1PULMzy5CilZkD4jlluXR0TupuKUUy53rGU_kVGB22AltWRqf0VcXXXoej-2Oj8QtNXnyJy8cY7jD971WPUkxRPOvmnTFyZULy4KBhl4bO3P13WgT74_kDpZDsj1R_VTZFOMbd8mnqzfpFtv7ZVCBfHeFCUNqSMXUaOcKHPQROY6OEA1CUmisC9M_SEgEGoRuxly2CmYYMIwGSD48LZCaZDv6vokYIIAQdQSXMaYxcvcRDGBeNsoxGHzVhi8SWA==&vjs=3&p=4&sk=&fvj=1,trinet
TriNet,https://www.indeed.com/pagead/clk?mo=r&ad=-6NYlbfkN0CW9I1LTUtCcpe4NCuy0uGo9SGDSlZpkBTVJ8sM1TRLg5d3Y9OMYs2NRj_0-71PmVaI5hIJIz0N9ZxMHaofTcDwlkYZRhXn2ObwKFMsiqlzICyaYrI5sNdichgWEBF7tub-uLdpRu8wbCh_Lg33lwdR6ITMjsx49Yo4OrHkAHx0qbFf0mgD2VgIOzfgoqGI8bsO1_WFzCjZw6dC_15Zw_IZrqSgXircDRnNzjYSJePH6Tyf4MQ1wA3_fRPICa2sd8oMAk-Yp64RV_1FNsBdgxeEDgjLAvxfw76YdzN52qChIqSg-9vw5Irx-44qhGiPSIBrDLbawfoXqnrMG5nGdovIbLj_ypEha1Ia0mwSfrk7FeDGjZm-AGm1xOAjvySyeX7gTxCAxoMkJu7I--_kP6o2xeSDNJq8G9GXhBnznxq_ueSXOk11SSKhh6pOdP68COvUhlYXUTvzNkaBvH7RSfTDzkL16pxtkkj2Z9dPOEhHk9fwvH6hwDqIAzD-IgaZ_xHz-nuQTbwHDH5AbpYP2JO0Fv5IpgPEP6rNVkQ4tGNgfb3k26ZWXSwRzGVCtYNyLDBb6vW_VBUwRMA7mgrqL7ypEaj-Lz3Tq2EE4FaMmnjb_xoWdbitKct7zy2YPR07k4xqvGkfaWSpEJg0tZDctRhfHJ_eynGepbX0ZH581gMQOiBsH4--kLFR&vjs=3&p=5&sk=&fvj=0,trinet
Confidential - HiTech Consulting,https://www.indeed.com/pagead/clk?mo=r&ad=-6NYlbfkN0AYDWYRCIzLnYKwD1WjJ9mTr10ySEujrNJScvng8U46IZfQGdZG4aRmURV6nt078Wh0wt8ywHqz9eiAjzUh6kvQlEvqlEnvTGZ25m-kbcUSD_6wg-BOlsYZAeFuPNEgylNhydWUlrhxQ6cKwMfCe9mJQ0TZhFfffqNIzZDo8Ug2DTyce348fBQtGfZDbT7bGDWzHXZ01wHHYNNdlZu3CPgwYS44q1XXQPFc5J4c4wO09rJvhjcoNuErXuhCQKsPFDqcrt65x-V4Q5We8g-wv1BDjUaj5_dLiX5W7x6LABTZYyBW8l9wy5qPK8tDAIBFSK5bxh92YvxP5VzfDMnvpuBxabxvx9xD1599s9KZkAMDM63hi8ye0hvYY5ZeBJmMTyuzQbUAxvAB2LAWPEIyRyybaow5OegjgdLP133lFyBWlg==&vjs=3&p=1&sk=&fvj=1,trinet
TriNet,https://www.indeed.com/pagead/clk?mo=r&ad=-6NYlbfkN0CW9I1LTUtCcpe4NCuy0uGo9SGDSlZpkBTVJ8sM1TRLg5d3Y9OMYs2N1Fd-eg5S-FcHsxkL-SLvrraFq-gWfXYxMnRxAgtbnMS69TQPa5wpJh-o-wg-e1z___MHP_fRRVHwO_wu1PmYH1aQmUdyGgGZQBNZetPWrvYSC4dl86Sb6ZEpEFBrJnARD7U0N3KoiI1EyYEsikq1ZdtVxt6olTdKgnr9MS8d2D5p0_WHsPJyEPAU4KINvdhp_5Bl7OuX09n8FuPIv-cxiDBScPIWxHXWDP-heE2kYnSJv_BO2XtETnsdmP6zdLnhwnFTAqKoQrGVB9JUKDjBvRbkIGuFUHUls8TLMPrH3tlBwqYRaalB0CxojWufKlKrKnCyLYGOzajvY4ebLhpI8FdItLtQZ3Sfp7J7kb5SIr5q7690AoeJaZ2FJjYbmhz6D4ygK_2f0WaRcAWXD3UVLov659Wi9DsbLngL4OVOIyPuzSLFRy3O96_D17ulh2y65VwI8A4IvUKjti-hEnvI5BvOtlrLnoPNscZsCxSeg-hpl_GgT93HsOvlcrJBLT20LmLI5DH6VHLRq5MG44yfSBb23Zd_s6Gr9z2FpY10ACl0Ll-kFx2ChbxINvk9VT7phoKmowVGnSyfDll3BFeDQ74_8-1yX2rbl-22yrLncLzD6MJtZa226Q==&vjs=3&p=2&sk=&fvj=0,trinet
Full Stack Finance,https://www.indeed.com/rc/clk?jk=acbac4835dc905bf&fccid=73be4349c24ceec4&vjs=3,trinet
TrinetInternet Solutions Inc.,https://www.indeed.com/rc/clk?jk=d52f90f252ccb742&fccid=5e96fbb043528bb5&vjs=3,trinet
Ebiquity,https://www.indeed.com/company/Ebiquity/jobs/Accountant-b57f6f9feab80043?fccid=1fd937f3c0543f18&vjs=3,trinet
TrinetInternet Solutions Inc.,https://www.indeed.com/rc/clk?jk=fa641be5a5dc5b2a&fccid=5e96fbb043528bb5&vjs=3,trinet
TriNet,https://www.indeed.com/rc/clk?jk=7a04998195e35d89&fccid=7f888820e2227fa2&vjs=3,trinet
Red Points,https://www.indeed.com/rc/clk?jk=a91d9b1ddebcc035&fccid=824dfdf1a89e7886&vjs=3,trinet
TriNet,https://www.indeed.com/rc/clk?jk=4f6fc0eb48998950&fccid=7f888820e2227fa2&vjs=3,trinet
TriNet,https://www.indeed.com/rc/clk?jk=f509a2fe380d43ac&fccid=7f888820e2227fa2&vjs=3,trinet
Cerge,https://www.indeed.com/rc/clk?jk=8fa453ac5dfba09d&fccid=f36146091d95cfb8&vjs=3,trinet
TriNet,https://www.indeed.com/rc/clk?jk=51fbaaa3cac46bfa&fccid=7f888820e2227fa2&vjs=3,trinet
Technijian Inc.,https://www.indeed.com/pagead/clk?mo=r&ad=-6NYlbfkN0D4RYeO-worQkdzX-SZzfDRUdWWv2n9_h5NrcafzUFHmRYfWH4Xz40bul2Qcsm6OynqpaAnThxXd_WAaxh_YQPgClwUkHNCKlc2KA3VGPWGWrjGEyvFgedXxWP384MfzexljVTn2sZXZq1ymHs1aVKmUec_zx-np6M2Qnnhj6VKjp_WUohvLaF9lJaK0ztcvU3j502B9TiVkF4islCA7WODgqSmjlH6z8JSTm0Os8Bvj--3xIb_3iy3OuIQsWv_rbw3DHW2vRA_GmFPpgCLzhijROswp7aaU7SsHWa9vdd9Busf1xjY5offAvUdDqyisJTTaepc77kHa9mPZHzYnVYj-flEscolNAIUDZ6HCGtGRLW2XhHZV0weTiTdmUIjts46S7DbFeQ2z8X0HHzZyhsEnYd74PfphEmzgEawOWBHTvzRp_qdNm6gEArMHSZ052M=&vjs=3&p=3&sk=&fvj=1,trinet
TriNet,https://www.indeed.com/pagead/clk?mo=r&ad=-6NYlbfkN0CW9I1LTUtCcpe4NCuy0uGo9SGDSlZpkBTVJ8sM1TRLg5d3Y9OMYs2NRj_0-71PmVaI5hIJIz0N9ZxMHaofTcDwlkYZRhXn2ObwKFMsiqlzICyaYrI5sNdichgWEBF7tub-uLdpRu8wbCh_Lg33lwdREY7N9GST7j5rcW65ke2hqGZuXiG5I2Up5XpigR_YT8KGr94G69laJijiiCm30GitYMbzOC_BLlyOj1wNCpY0ieQnfb6B9MWdFpbSp5eQ3VOIm2AmrIBU62Z-QOuATx94-2Wkvze-u1mQpYEY0BSUQdMp2VMjNAtZphRfMixfeYApfO9CWCncOCZzsJ0BInpSyEmIezXPV5Tt_3F-AX5l6nhK7RNgCKX8jPHRX1Sf2vqiRdOfLi9clKsHp4h2qpxqC-47GXECkaqsMzEBZOmenRSq3UOy3315f3b6J7fm2N2gppIW0WF5Fnb0aGlJZfWM1GIj14ufP2XWBF1_77UTiHUuaAFPVn-YSlj5NPY_dim-4p38UaBNxfx8oauUlj8xzHGrhxefoR0_b6qB0qPX7I5iWYjuM-CMqxVgOeOTIpZDLN3XyVmzyZla75mRmQIPUqqoXYcILhTHuAduCBHp8uGN-EyUlZWdnSSWruSsEZJ85whMUywN35jwYkG-UImOA2PTji97URlQZuGvFf-LB_J0EeMZBv-w&vjs=3&p=4&sk=&fvj=0,trinet
TriNet,https://www.indeed.com/pagead/clk?mo=r&ad=-6NYlbfkN0CW9I1LTUtCcpe4NCuy0uGo9SGDSlZpkBTVJ8sM1TRLg5d3Y9OMYs2N1Fd-eg5S-FfEqVPJYrqehM2_IaWlKZFisoyrDBB2REaLFhHUyJ5iH_YRxBnbm0-Aj9n5cDNvA51cOJ1yqOvM853ThwuCBoPRnApXF6K1FkR_6sYYRQQljcrYnwSWDWflmLVkiA7Ws2YHfAsk6DCFC_6F0E5yAiUTFH-wUNl-ARLexEUthNSwLt6aPrTtzWi8IAB6mukS5vVUNuxGwR_2eTgmu01-077UKnHHz0PRW4jJlsu4v3drBB41tNeYfOguTPkemue9mCQhB5adWtRd423h7imXRE-_OCkEakO9_q4chmzEi7QyblJBoH3FNw9pqCM7-p0JuOla3oVXGWZCeIl6ZhJKLhgceMBpHtRbydWoRpxVLtfeaMrSoMGYX_3IxuFpHuKrl0ZT7hv20uXG0X6OlgH0M8i5iWPXYZir721bY9kVAZLsbrbgBefWnqrIPVCtIn5Un3hOqmfsLBYEq-i2B6Vz9IXOi3OQ3i4oLh2d-W4qGuIZ1jlFoF6wyTlKg2TWKi81xsVI4PXysmHLi2B3kUc5f6LP3Q7J5RzInX4KXyjK33wGh4YgFx-PqxID73w28KP5HfkrU0emtUaYRpYfzYTAVfMYmLTDtQnU4BJcKuN5RcMKUA==&vjs=3&p=5&sk=&fvj=0,trinet
TriNet,https://www.indeed.com/pagead/clk?mo=r&ad=-6NYlbfkN0CW9I1LTUtCcpe4NCuy0uGo9SGDSlZpkBTVJ8sM1TRLg5d3Y9OMYs2N1Fd-eg5S-FfEqVPJYrqehM2_IaWlKZFisoyrDBB2REaLFhHUyJ5iH_YRxBnbm0-Aj9n5cDNvA51cOJ1yqOvM853ThwuCBoPRAGTuTX_620QVYgE2wo3eZLKQZ911bbX6TE_DFJq6Daogue3Y8SNQHjZEFaFm20qkGO2P_0w_qK7FfJ-X9i3Xcmy4fpnBkiQ67WenhzHR4zHWbuxeN2V2w7qG3KNIk9iio5huUw92U5iHgg_BvuapMNWmkdCh6biuhgv2pI84TMIARBqNwGDsX7M56w10GUPZwdNwY43IlBdwMbO7d0YqVPw8arrp0xSUecysRDomr7JPIRgXIKaviIRA9TBNwqd79LYlBe9hk65IkXjh_ayHspuyytVMHn06FqYgbuqNxuYP701yS3SoFonzna-LfepJgYr36rqCRpOwCpusGqa_PU-94s48dwyAa0d7GfQwnRQIWIwT_XzX5VAYgr2yYdo3FCDUJ5P31Umgdowuks5UicxwKBJZcFjz79Stvb8-j6-utLxDPREmbsnzZ_HMCb6q6pUgT-BpjN_Hj-mriToyMeUSsPFS_m5D1SKThshvcW06wFVKa8pcAXzDXmBLfoKRwXli0fDjak17iAdehgBkLA==&vjs=3&p=1&sk=&fvj=0,trinet
TriNet,https://www.indeed.com/pagead/clk?mo=r&ad=-6NYlbfkN0CW9I1LTUtCcpe4NCuy0uGo9SGDSlZpkBTVJ8sM1TRLg5d3Y9OMYs2N1Fd-eg5S-Fd9PjKSlhmjdmzTNhrn0eGR6pUqErEvnmdquY2_zt4UPl2XdA1JM0igDVLLQ_RFsJLhG1auQJZQU-0pW8DE6pL0R0xkmESY9MamJheKpdFPFpOCwVkTTok0zKTc8m-rkOAbNgOoeUonDwYcVI54irFH4S-yxUtOuTPL1qnCeOOz8H2hvD1zA3d861YmCD2o1khTnA5jczy878U4Zj1ynvyTG1ozA5b4Est6CnkfDHpKJPv8wJm34yu9ICRbQDFz1bpMQQrKUP7Pvz5PS_wH7HitZOsr69nF9tOFRRFyCF34DwwuxNKVg8qqD1czr2_urfs467sCGEF_XPQ9Aists0eGT8crlB36tVCRh48TuYBakyKwIDIz5jAtIL-_EAIXKAxM8ZYmFCay9QDKNWWumluDhASXwqsaombhrZwg3rVEf4Oe675x1f_Bd3zhS541P45CNKn8NK9vJJWld0DQGo0_xQJOGdycNCh9DYBJ7wEIQdCYpCO8ZrY-ef0fqgMcqz31NKJllal0Kafh5LutPhwZ31C68uyR9WHkdRE7huCvR3sMasMT086lZKwqRU4LiK_vHUrckbcTL0i2VB9vwVowI6_t35UciEUnntj3HS5sJg==&vjs=3&p=2&sk=&fvj=0,trinet
TriNet,https://www.indeed.com/rc/clk?jk=8c544d2d4821e2c3&fccid=7f888820e2227fa2&vjs=3,trinet
TriNet,https://www.indeed.com/rc/clk?jk=0117a10e70ad537a&fccid=7f888820e2227fa2&vjs=3,trinet
TriNet,https://www.indeed.com/rc/clk?jk=c2408685c0ba62a6&fccid=7f888820e2227fa2&vjs=3,trinet
TrinetInternet Solutions Inc.,https://www.indeed.com/rc/clk?jk=b292a8a0de828582&fccid=5e96fbb043528bb5&vjs=3,trinet
TriNet,https://www.indeed.com/rc/clk?jk=81a6c6decc53bc08&fccid=7f888820e2227fa2&vjs=3,trinet
TriNet,https://www.indeed.com/rc/clk?jk=f20d66c85736c227&fccid=7f888820e2227fa2&vjs=3,trinet
TrinetInternet Solutions Inc.,https://www.indeed.com/rc/clk?jk=9b90242516689ce4&fccid=5e96fbb043528bb5&vjs=3,trinet
TriNet,https://www.indeed.com/rc/clk?jk=8fec26ade30cdd41&fccid=7f888820e2227fa2&vjs=3,trinet
TriNet,https://www.indeed.com/rc/clk?jk=4e1c79f0a8935b72&fccid=7f888820e2227fa2&vjs=3,trinet
TrinetInternet Solutions Inc.,https://www.indeed.com/rc/clk?jk=b9ec6696bc69c36c&fccid=5e96fbb043528bb5&vjs=3,trinet
TriNet,https://www.indeed.com/pagead/clk?mo=r&ad=-6NYlbfkN0CW9I1LTUtCcpe4NCuy0uGo9SGDSlZpkBTVJ8sM1TRLg5d3Y9OMYs2N1Fd-eg5S-FcHsxkL-SLvrraFq-gWfXYxMnRxAgtbnMS69TQPa5wpJh-o-wg-e1z___MHP_fRRVHwO_wu1PmYH1aQmUdyGgGZ6bEXlHPrffr8EsEekDZf6NtQApJaKBz7iRCPrTuCVBxt1obx17_J-wcIpn0hnv065ztMpBE-RG_sF6UlHOYvCiLnMPhCb6TSHL-WZpihq6N2VAm9dEc4cT7gFMzUD-QW3XRN3dg49JmmWa6ChYjsJfrxzv5xgS1tF9NYIPMByFsFT2lO1UNPtyvTaP4KYfTpxSio1TpFM_WcyVotV9dZ8xZ3CSuqAaH42s3HDkzx0-DNU2Z1DxiLssOM9NcGspgs011e-8DCRZ5MtdfD_TL4qy3AvJPddgL7UQ35jH2LZLsTNY0G-Bj1YtCjD-Bj8-3J-QxzabVMrkY5IX8wFrUNgjk3CQtiEuFEwLVGTO6rABEHAwd49ICmldeq3jrkq7ph4A3ySMLprlhkNWduBCW4sT3fVcqWAa7R1chiXfhSH5bJ2eNWL--r3Ta0SNGeG8pWazPOnHrlejlUzJboKLtJh5w2fS40qGPbFW_I7nOQoclXUXesV-DlNAjsskTwOSZVvMFlPC9AAsCaz0ZVwkBOAQ==&vjs=3&p=3&sk=&fvj=0,trinet
Confidential - HiTech Consulting,https://www.indeed.com/pagead/clk?mo=r&ad=-6NYlbfkN0AYDWYRCIzLnYKwD1WjJ9mTr10ySEujrNJScvng8U46IZfQGdZG4aRmURV6nt078Wh0wt8ywHqz9eiAjzUh6kvQlEvqlEnvTGZ25m-kbcUSD_6wg-BOlsYZAeFuPNEgylNhydWUlrhxQ6cKwMfCe9mJQ0TZhFfffqNJlBYl43YjAmc7gTDGbvSsx3lzgOO1d-mAV7qa5uTPDSb-qKCQQqykp3tm8r0RKmP0swB9Je8YPxT8kTrtzqgXQbSaP2ha3Ldu17-4YL0KWf6iqjs-umWjb4rckYY8GWcSLP315lZbjxC2T2G8X58kV65rKqZAwJjYVGUNNjv6ZjgNOfF8ewHM-AiL1tN14Btyeih9ATti1cy8K479d4wmQeSf1CuOgipKgfw_wOnEOpYuaXwR9xXY3f7OznGHtAJnWjw4M8xwjA==&vjs=3&p=4&sk=&fvj=1,trinet
TriNet,https://www.indeed.com/pagead/clk?mo=r&ad=-6NYlbfkN0CW9I1LTUtCcpe4NCuy0uGo9SGDSlZpkBTVJ8sM1TRLg5d3Y9OMYs2NRj_0-71PmVaI5hIJIz0N9ZxMHaofTcDwlkYZRhXn2ObwKFMsiqlzICyaYrI5sNdichgWEBF7tub-uLdpRu8wbCh_Lg33lwdRRYbFCCmCA3ae0fmt74baiRgb3LweaKuaNHkwcUugnybDYAHVnln8fKJudqnklsNUtpgIKlYVSBfFvRKqxFJThfQ2x1LQy7B33yKDGs38GQ_eTyHiOQWx45u0uy151DnVjcD96Kz7Gc6RM5ma6BT8i5HwoYHtdo7PrmB_rUlEPIhi1LHIUNjzShCrdjcnvmmOeO3f2WHbIZAbvPFCw_BgQFat3TYxoOH_ySyMGCf9LLpbTzpHFkzsFuIEIpLo9mCKZJrTqCxeqO4jjXuK2k4f8h9HAAOafO-ic43ScOsmDhX-h8FWUtqvV7p9QxaXDUuO5jX1dNzP951npOYfBdDqhlFd-nqrDfdWMBftofd3ZNKLfc8WCT0bQvMnCUX3uouiD-P2Tjv3YoOuSIyRh2tCNUw9WS9VLHsNGLkNDwZUQdtI6Kp51byylNgs-v9APxKKb_d6w1da0h3gAAe7FHdc6rESPUS_In1eT-7kdkQkbx2RUKNydTjnSEKF5GHJf8jGS2vKE4rmquwRRIw5bxEDR0BfTAaDUdBO&vjs=3&p=5&sk=&fvj=0,trinet
TriNet,https://www.indeed.com/pagead/clk?mo=r&ad=-6NYlbfkN0CW9I1LTUtCcpe4NCuy0uGo9SGDSlZpkBTVJ8sM1TRLg5d3Y9OMYs2N1Fd-eg5S-FfEqVPJYrqehM2_IaWlKZFisoyrDBB2REaLFhHUyJ5iH_YRxBnbm0-Aj9n5cDNvA51cOJ1yqOvM853ThwuCBoPRSox8dsF6ZjE3WSSajwNdEYsd6Sb31s_R2EFS4Nh-qGu3x9_wOMdAo9jNZWkWnoEONLILyonX9NptHUbiT8yCb0tBgkFH7ohxWZYHxAVLwKfdJdfSfsgQiI_AoAU19yrJDyOl_a5AhoRndf1w0z0I2AlbNVoe6cZzG1ndmrgnljCZkb4IZmif9c4c0nTe90nMG22bfZ2xQtIAD96BJQGsM7Pm6m3Np8jZZ3nQUdGo6p_BztYfJ1BhVa8Mf7cNTwMQXC12CuCcK5zSeJ1Xs61422YT6VqoTziEGTK_jPwX2S6igGSR9afzUKylbaPSoN8Hid7uGXTCoQIZAMN2sSQgxftE-TqUIy6IkLPquKccfvwyMFTWrdcCvqsv1ObDHPBpzaqYQvrUU-Ezj_TMjCpgUQcCfO9LoHFqpwxD0bN9QySC-1IQxE32Q7HgZRoNpAKyeopX9FaykkEZf9Y-zSUQDSdpaiyugSvMPFD1CAs9-3u-x5WMT62hOHDT_YzBRxtWawtnRiSrRlrakZM0L90QRA==&vjs=3&p=1&sk=&fvj=0,trinet
TriNet,https://www.indeed.com/pagead/clk?mo=r&ad=-6NYlbfkN0CW9I1LTUtCcpe4NCuy0uGo9SGDSlZpkBTVJ8sM1TRLg5d3Y9OMYs2N1Fd-eg5S-FcHsxkL-SLvrraFq-gWfXYxMnRxAgtbnMS69TQPa5wpJh-o-wg-e1z___MHP_fRRVHwO_wu1PmYH1aQmUdyGgGZrKTUM6H0Pr_8rDS2_-yv6CAp958ae8IVYy640beNEnojEoyfhM3MZvroKlZj-AMMWQUUADPPgvwQFGnINZySNlCODx1lQgJOyyWlXRMdlkM48PHpzYO9lba6JyGTTmMYzbSJELkQ_eiSnOcmi5wBTjyaQkqhqlwRL0woYWKF01Qs2ie9xnYbbsaab1BSkLoJPU-x8AbC1wj_GcpGTnnSVAnyb5ZzgNO8wat4MiRnTzNiA8R3OMuuWkGRmsW0u4zPoWbrke7lLFL56Sc8MwYuyWv9Ag7mQcv_TNIuGyulbSxGxDVBS6rLDJ5uW_X6TKnR3Fvj3TFS_A7HMFiiHvjOifca0TzN9UVxhRvDK90WsC94BmZNEoUPSJnn4Ch3LftzseYx0bym3Y-6MBMSeem5csPyBBriHJywCMrA2j7mJODMAGEsbtxq0sQHvezgJTzTMPxWTILrpvjwhYzCEJ41pn4fZD9pE8zgOsDMo7KZZso1pa9OQPdUJCHCWZ-7Coxr6jPQfxYlEmVRv2HiWBY-sw==&vjs=3&p=2&sk=&fvj=0,trinet
TriNet,https://www.indeed.com/rc/clk?jk=3586a6185b5a517e&fccid=7f888820e2227fa2&vjs=3,trinet
TriNet,https://www.indeed.com/rc/clk?jk=b6f24418bbbfaf28&fccid=7f888820e2227fa2&vjs=3,trinet
TriNet,https://www.indeed.com/rc/clk?jk=23415c7f551fdd8c&fccid=7f888820e2227fa2&vjs=3,trinet
Safari Solutions,https://www.indeed.com/rc/clk?jk=c614186ab2c252e4&fccid=d3bd795daa1a4ff1&vjs=3,trinet
TrinetInternet Solutions Inc.,https://www.indeed.com/rc/clk?jk=7fe37edd1ef4455b&fccid=5e96fbb043528bb5&vjs=3,trinet
TriNet,https://www.indeed.com/rc/clk?jk=e2cb2af9a701d26b&fccid=7f888820e2227fa2&vjs=3,trinet
Egress Software Technologies,https://www.indeed.com/rc/clk?jk=a68dee15ba7cf4d8&fccid=50cf8a95994096f4&vjs=3,trinet
TriNet,https://www.indeed.com/rc/clk?jk=c7f5d50962df01dd&fccid=7f888820e2227fa2&vjs=3,trinet
TrinetInternet Solutions Inc.,https://www.indeed.com/rc/clk?jk=a40f409884cb8207&fccid=5e96fbb043528bb5&vjs=3,trinet
TriNet,https://www.indeed.com/rc/clk?jk=03649ab89b30a9a5&fccid=7f888820e2227fa2&vjs=3,trinet
TriNet,https://www.indeed.com/pagead/clk?mo=r&ad=-6NYlbfkN0CW9I1LTUtCcpe4NCuy0uGo9SGDSlZpkBTVJ8sM1TRLg5d3Y9OMYs2N1Fd-eg5S-Fd9PjKSlhmjdmzTNhrn0eGR6pUqErEvnmdquY2_zt4UPl2XdA1JM0igDVLLQ_RFsJLhG1auQJZQU-0pW8DE6pL0mi3SfaAb5J4x7qSBSsLlpHCwxscsOEuCK_YLU9Z_07bh95XW_YCu7qs9H67tx4sZ4E1VGYPOkHpXQ-__w4fAy_EnN6BQqLRMaQ2czJy0vY412p-NlSASyyIZf9n6n83jtvVGVj_D7QJL27cFNmMDxVKC5MWwXfUmhLKyGYsWPAEfFdWwxQiROXt5HeSKciLYFN1kekekwQNTxQvwfFYqGemQsdsqYjo5mrdV6QO-e7mvE4VQe4_Ok2j4m2gUf-5_weuRcEriYG_QFkDuox9wBAb6cHhnPKPUU3UOX86WxH1NhQ2SxKOX6xS2GDxdm6VLylq4xBm0cpQfLSfHHzgBNGocVuxbrXvDzXbOrUhFS2oa3WsISL6tH2YPAhvV51_3_UaX9YXKfUHFzRyIBAXwETlnyIP9q4YJAcjFn1GNHeyBgSmro23PhhK4fpp8ftdwurQKh_TyatIn-KwXh7uc5ZQI8CKhS9I-zBvIwDuM-dpVLOMmOiXQfmQO21RBM9Xe3GV60mxUihnwUeghdxF_dQ==&vjs=3&p=3&sk=&fvj=0,trinet
TriNet,https://www.indeed.com/pagead/clk?mo=r&ad=-6NYlbfkN0CW9I1LTUtCcpe4NCuy0uGo9SGDSlZpkBTVJ8sM1TRLg5d3Y9OMYs2NRj_0-71PmVaI5hIJIz0N9ZxMHaofTcDwlkYZRhXn2ObwKFMsiqlzICyaYrI5sNdichgWEBF7tub-uLdpRu8wbCh_Lg33lwdRIdWWUSfJDse1yT_gZxCJtvfuU2Bor81JEEk_L31QLBA4Hws87zrBv26NILAPyZptQcy3nA24GjAGPk4tihAe8Ck0Rear5oPzCBZSrsmByM66BsOi2GS9d1OV_3mScoUoZrBwPc6ik7IgtvfTbrGuQ7RFbiXOsw1EwWNJTdXusMgMUVM1uCt0hDlrTGpk1SP37Bi-g32v8wblMBPMyL1kVsij3zXD6piGKQQ8euuWMeegH65jSYtloQFq3ay5apqiJSzn1Rw3PyIdkoqJghR0OIc0A19ONccP_uHKaAhCHlHdW-AesuNz-AkbFiaekHLXYWCucotediIqN0Hs2q9o47EZYMH9YT-Kl9vLOUPlsGW3dR-ABeulj3nvWlng4PWsEP-9aa5zJt_OwcC4ciunhZT2ERNvGeBi2Vduh4hNhfg9NSG7EQPcmvcyqms65CR8D6YWs2dyAoKvcsMsedgkfmkq50pj21ZqU47GPnwpJx183zVQbAk1m957GMvTCx1DNe6nZIoQOoGtMe50uWnYNmPjcZ8plvoH&vjs=3&p=4&sk=&fvj=0,trinet
Confidential - HiTech Consulting,https://www.indeed.com/pagead/clk?mo=r&ad=-6NYlbfkN0AYDWYRCIzLnYKwD1WjJ9mTr10ySEujrNJScvng8U46IZfQGdZG4aRmURV6nt078Wh0wt8ywHqz9eiAjzUh6kvQlEvqlEnvTGZ25m-kbcUSD_6wg-BOlsYZAeFuPNEgylNhydWUlrhxQ6cKwMfCe9mJQ0TZhFfffqOAKNpxG7xSI-EvbltnOXjlyKXvyG1AJor9lOTglV0XrObU4HuW0fWxUYQyMBNGiMmvlTmRF98sP4-azUGwFJSImNtquwjw78zbUH7CEmCxuD7jUTRb9qXphFzWhik7HdXUQLzU5HkOq8dttyYpzqtLyzEf6PdgB0J3DBpBMYu26iaDYCE5WoQWjKQUnwwbqbWboIsBBFM6SCCfy6yFOmnqjSdBwHkY1VC76qrL-EnMw41Qqf0CJlP1qXdGTbfvsYTq0YwM1089qA==&vjs=3&p=5&sk=&fvj=1,trinet
Confidential - HiTech Consulting,https://www.indeed.com/pagead/clk?mo=r&ad=-6NYlbfkN0AYDWYRCIzLnYKwD1WjJ9mTr10ySEujrNJScvng8U46IZfQGdZG4aRmURV6nt078Wh0wt8ywHqz9eiAjzUh6kvQlEvqlEnvTGZ25m-kbcUSD_6wg-BOlsYZAeFuPNEgylNhydWUlrhxQ6cKwMfCe9mJQ0TZhFfffqMOzDAS8vOfqWkG28A-NiZQBKMmAcyccgeN8XInsMH1H2bL-c2RgVTNhA7zpW5YHojiYjShbINt3p-pgiRGPnzt6-kF0-r-8ZSP7Q_HkH5unOWntXNrw3xxE8Pjp-kIwzYoToMg3CfD43g6dS9P3hPun8hww8XyHhLl_VTPf5kPRwIiR_sKU63ztJib4VZ-mPS4TE2jfoh--5IgZHgTnt9H5amRD7LW2lm_QaFr6PXYMroPaabtBezx417kYV7WkCv2-GyHrip1ug==&vjs=3&p=1&sk=&fvj=1,trinet
TriNet,https://www.indeed.com/pagead/clk?mo=r&ad=-6NYlbfkN0CW9I1LTUtCcpe4NCuy0uGo9SGDSlZpkBTVJ8sM1TRLg5d3Y9OMYs2N1Fd-eg5S-FcHsxkL-SLvrraFq-gWfXYxMnRxAgtbnMS69TQPa5wpJh-o-wg-e1z___MHP_fRRVHwO_wu1PmYH1aQmUdyGgGZNlvVzmmJYkd7a3td7m15BuFR6u8WC-qmkkoldAfzbr4S8sOTvnrE3XPQl_fJRxIaIkWxaNr0CjyzLEH1UJT5fZJWIBxOY4R_9DWVy5wIi_e0MZdaYV5k3MgX8JEGbQW1XwC1-nfGCd7BTtKZrubo0f9fTeNcTkl8Ypd3_vE7JDK0NXadTfhuq8htVzVhdDzyLf80Hqhj_Oau50TjfMw73b3gjIrBtl0HNEQlFEPgoA6IXOThslcCwnzwDFomjlkYIO8tCFtn_eGjD-13Nw0FRsYPZEMog6-YbiPKem3hLv72O7FIEX_vkmJJjnWv_0hgOKEQpvpRYyQoH7nRf5NT7gjDJtQWuDaUxzOK5wpDtebLsqT1TSLzHI-xODRzid-EW6IqtbIpfGfG9kiYZ-lTBUdff3LQk_64GhTsZmljLGnsfO_GPBaO2nLbfl9M4Yn-_Ln7XWU5DcYtsfYE00TVyG8dXoycWexWQw181MNuifLwP8dngpqB41ap0-s49t8BQtzPq7ONWLBVCmbnKKI8Yg==&vjs=3&p=2&sk=&fvj=0,trinet
TriNet,https://www.indeed.com/rc/clk?jk=616b6bddd918b2a4&fccid=7f888820e2227fa2&vjs=3,trinet
TrinetInternet Solutions Inc.,https://www.indeed.com/rc/clk?jk=6186113d892c4f89&fccid=5e96fbb043528bb5&vjs=3,trinet
Edge Solutions Group,https://www.indeed.com/company/Edge-Solutions-Group/jobs/IT-Support-Specialist-97cd46f2b3be5707?fccid=cec3306c08e97cd1&vjs=3,trinet
TriNet,https://www.indeed.com/rc/clk?jk=99c128f43b576886&fccid=7f888820e2227fa2&vjs=3,trinet
Full Stack Finance,https://www.indeed.com/rc/clk?jk=63591151e94017b7&fccid=73be4349c24ceec4&vjs=3,trinet
TrinetInternet Solutions Inc.,https://www.indeed.com/rc/clk?jk=2b75fdd2d5e67398&fccid=5e96fbb043528bb5&vjs=3,trinet
TriWest Healthcare Alliance,https://www.indeed.com/rc/clk?jk=879b3b64bd331991&fccid=c72c8c3c1a8915b6&vjs=3,trinet
TrinetInternet Solutions Inc.,https://www.indeed.com/rc/clk?jk=9b9ac9c2c7cf6c61&fccid=5e96fbb043528bb5&vjs=3,trinet
TrinetInternet Solutions Inc.,https://www.indeed.com/rc/clk?jk=c7c516150a8a5a5f&fccid=5e96fbb043528bb5&vjs=3,trinet
TriNet,https://www.indeed.com/rc/clk?jk=f9769abb4816742b&fccid=7f888820e2227fa2&vjs=3,trinet
Technijian Inc.,https://www.indeed.com/pagead/clk?mo=r&ad=-6NYlbfkN0D4RYeO-worQkdzX-SZzfDRUdWWv2n9_h5NrcafzUFHmRYfWH4Xz40bul2Qcsm6OynqpaAnThxXd_WAaxh_YQPgClwUkHNCKlc2KA3VGPWGWrjGEyvFgedXxWP384MfzexljVTn2sZXZq1ymHs1aVKmUec_zx-np6NOjc74Ltj2w-rNz0nTwyScZLIvvts27Bq_yw1K6DUj-vCIYg7a87u9anc8-XYmA9AFTZarz5xp6optT1wUOUZZbqdmtgBEmIMk5vESS9vWW9sPq34SdjDEHfjt_zBtjSTZbIKQWZezw-Z1jbrtZY92o3PiN9wtouHUZj4axIQNQmkRJBKsKSEsxeDsR_wis3QSc1eKgIRLYKvaMVnS7Hw5j6SgXTHQarvRxWGY2MifE0rlZusFeq0sNxdkg-VnEj8w-Qt_GnzuHyrFD9yPVP8UQvG4TgTq-qE=&vjs=3&p=3&sk=&fvj=1,trinet
TriNet,https://www.indeed.com/pagead/clk?mo=r&ad=-6NYlbfkN0CW9I1LTUtCcpe4NCuy0uGo9SGDSlZpkBTVJ8sM1TRLg5d3Y9OMYs2NRj_0-71PmVaI5hIJIz0N9ZxMHaofTcDwlkYZRhXn2ObwKFMsiqlzICyaYrI5sNdichgWEBF7tub-uLdpRu8wbCh_Lg33lwdRH9qDe6BzPSTOKyEzVBe426DJ8Qx5iVfLn8tS6-_60zE9k_M_068dgxKQGP16rqHNuiqsGTFhWTspzbh42afHxS0WVf5oGUiNUERWZikxKBl47Ztt2H0ZTTPco87xvIN3Td0YIY8-X5bSefQHliA6cberZZIbh0p0PX0kYbMhrQNMxPf97RmwD7ZKwObh_-FKV5ZgEOmrq7rza2-mcC0AYe9x3q9O__MAJJg_7SDJfb-Vr0pfkDJJdnUvHtnElN8RRQjR1FwJoOIv_Ald-hDEw9P46BLuzGYgmG6VJrSqPmVZOx_2nxs95v-jQX0IXNGD3oPDmqS6GzYuxVhmfjEojEgC-mGY62DjOeXHQYzIwnh_DJ77lijt4mN5d9_Msbfnfeq7VTFIcwL8kc2hq9SsrBmH2apzDDCSaX8aNWHxrcyuqI4eCKB_jp5Yd30jubaVF7Rn-FbRqSSvgaUgYu05ohg0BWSlmxBi_zIWRya1TxZn4dcey80QTiGt7K_47-f69LgWVnHMk6FUWdpmH4CozlWlpYiZ9dd5&vjs=3&p=4&sk=&fvj=0,trinet
TriNet,https://www.indeed.com/pagead/clk?mo=r&ad=-6NYlbfkN0CW9I1LTUtCcpe4NCuy0uGo9SGDSlZpkBTVJ8sM1TRLg5d3Y9OMYs2N1Fd-eg5S-FfEqVPJYrqehM2_IaWlKZFisoyrDBB2REaLFhHUyJ5iH_YRxBnbm0-Aj9n5cDNvA51cOJ1yqOvM853ThwuCBoPR9KbB9gIna0kTOXG8nbKyKv2gEI64CBtTDoYmzfuugHo3fMheonTmtIcaReah4bZ7pUh1cWZMzrflSR83TmFMwOcJ0JBIDLk5n2urG2prikpiAIZQAb9mbpRMD590fJrfgtEuaSYUmazUCGj18Vu-jHP-wa4vhJsROyrOE4GjabVs8RrR6k97T5RrAxrjkHHcoAlHb7MnSfSb7_9immZePTyYh0WH4SceQqYitkJV77kiNdMokyvvdOptS5HXPkBprQBfROKqoqitrSqETi8aF6lOxw8tfPKfYipoSssO4UanIDfVdzcjM3kXfisL8TvRhFkxPsjYHgBvCGyPkhpZwIMAy5MqQELP4ccktQ81AU3V_IfI7rmgrRtjsWU8h72QwAf0ToeiRyJumuNsgtVWLtQuJ8rfTATB7Wv0SFHll68NYPcNyIBX2CG7AwxJ6mYs_468uiDmJ05OzBC95eNlWPuxNyFcTCJ-aQRfcyldnHxk6e89m32HfxZmmnJD1b5I23O_WJqCx2MUEi2D6U55QQ==&vjs=3&p=5&sk=&fvj=0,trinet
Apple,https://www.indeed.com/pagead/clk?mo=r&ad=-6NYlbfkN0D4BtUbIrDMkalq6ptvGBorBWk-T6D_x1TipmER1OxNA5PMNF6Pl6xAzqrKFsIqzcHxbkVol5MBkxJMsUzU8p6KTkZdEfvYAAiq-XKjVPQgwNkUPrbE7L9bpnh0hSMruyyEaI6rqqoivDbLP16vBjR8YrEbFT-nHiPtm40jQEWjLI0A_XdkQbd4ZBKrgyHj-_OJlRxfSnM9i8OpI1vCwgn0c6LL9b3aLD4rN5466Y3fvIkmFInWeyk7QJLHPxW_ARJu5QCja0_CQeEy6ovqvSSh1iV7dufEGLaKAi57oRD3dF9FoF-pPF7-EOprEeY7XrT5Gaw29QXo0gR8bBV20IR6A2drPY5DiwT_hlRV2s0_-essbbAvn_hpSBL-ojyMo74nn_5HtvPrVkmo9EjiN4Hi_LfMj8UGvSRfarLKBBz9adHZ38IWbqGh41W37vjZah3zE-wkerOEDLYUYUHzGnm3JkR6XxKXduJOcXCSpfAfl7TjDwYNZ8dpwsBFieXk2DF-Hjo9oHgu0TWrxCL4twO3ckMhpSOTmWtVyzVs36xHMJMH8AcdriNsJ7w8bm2RUTSbvEEXhPjHNAuq6nde7ULz&vjs=3&p=1&sk=&fvj=0,apple
Apple,https://www.indeed.com/pagead/clk?mo=r&ad=-6NYlbfkN0D1QTfOm43x7qMCInf5aeIw5YddQ0fyo89IxKCEVbvUgL-F1Kbrpusybk29sQFuCKD3AEUGKNr4G5_GcXIIO4QpZJ08PRf5DWje9osVMxHke-SR-QgYrpyRymaYm_5IT4YwgqZBYwvv8yI8PK2g4U5Po6_dekEyUhiC0Csc8fDRVWINChjAiMVvJgX5j_srlvOxDveNGtRWdfSWXlaXUU_eRluJkwaUNRWk04U14-xd7ifhylNg69vwbcGaGfNgmuMJpI2ObH47aJ3-KU1yorB6K2xkUTSbz9HnRXtbqdKvdMfm8kNdk2oKFYGtl9uEn2NUGwKrzbVq_nKgEkjDHtyWdlIWGtEyl41jrai-5yPr-pQVFcW4ZlxZwWh94XuKdbV_3K-BxPrHccSP4rjmoUTW0UvRV-sKQtrvP4mqTRQA2Y1SqbW3gsCAAahr5iJ9-t7IQimRFjJ-89HS3tCtqPR2LHbmcOnNThkejE2fIqijyYWpke6MxuNXjNk8wwFFFsN1Lh6JAJfP93mmGVyON4Z9MNT9ZSOIBq8BTjP1u43gbQ==&vjs=3&p=2&sk=&fvj=1,apple
Apple,https://www.indeed.com/pagead/clk?mo=r&ad=-6NYlbfkN0D1QTfOm43x7qMCInf5aeIw5YddQ0fyo89IxKCEVbvUgBUNOsOdRl5eTAkQSYvyDZNSuGQpRND5f6GBkFNVqNDC6gbUYuQzEFummIq0Wg7WmQG4IFq0PYniuBI4VtsPPak_tbJwNJr2cCl21Eb1c44Ttjeev93ghxliMp3Cak2j5XiAyCorAiD2Isvil5auFdl2WGpXx2ncD-sGxaiIKY31vi4wJ3y0NB97pX-gyIdfiIvZbmkklUE3xW6R4QjSjMxG5aES3i4X5mx-fVqVJEeoyd_4Krt0hh25XjyAUUbpc8Z1flk1NMrbhFXW33YOZt18T3Nl94N6m_ej_7k3gAEPgPRqbi3Asp4YNjGBtN1fqFksgW0LWbjs8rQCz4Joqx4OK2rbZzAiLVbuJGmTonvd-jPcWdeNXIdmpFt_EzEiJf4nOpzl3FZMPJ7g7UqibjAHUraIjSlPqpzMQelQdu0eWTaFeoUKQ6YvQAHwL_qwlP5OV9lNCAOSiTtgFKXeJ45KHPGxU9mU9ihc-SixN8n8oDZfRWiikNSRIYT4UVYMWhzaqOPwjpXD&vjs=3&p=3&sk=&fvj=1,apple
Apple,https://www.indeed.com/pagead/clk?mo=r&ad=-6NYlbfkN0D1QTfOm43x7qMCInf5aeIw5YddQ0fyo89IxKCEVbvUgAUvwlghPegX6eTwbF1orqwJAFlliy0qE9w_evSIoPOb5ZzCwBBupeWlmQ2x_Dn1uv1uDQ7zf6Y9hpy1Hp05qq7e1V3mCIFMxYZ4trn6b9ffo2-bsyyC7CYgPNejA19S1C3G8UY3VqJkvDZYBZ_MkhZnx9ciJLIxQOrOmU2nXJWbN4y6swjEBHtkOKyIZSBpmtCb5jHVDyT5pKOTZcVHgB5WzHs3Mpv1dYzzeVjL5W6ggh13ZA4z8lB8Cx5W61h__l7CBRL9ANqdlD49e3t9fEaZV9EtQYJiOGgNZANzeDzfITkTVHxFypdWa5PPghmF1-6aTSMDLKqLfrvsHLEr-1imdcKC9od9CzOgtlbkDxthRsXmdE1KQMiVLBzJ8ml8GsIAQS5-0eLb9Tr7uCFfw7dpC2dfWZnk22prhahureJwXyzy6Mw0tB70c91fkt56mlhDPhlNrzTHC8-GB9BM8M2BqPMHR8vnMbJ8xhlKUQ7aLyNW8dTIW0dxvw_MdRr4LnhxGU2033YqzMAyeifW7BepNVcSvVdkzuHKZVq8DlGs&vjs=3&p=4&sk=&fvj=1,apple
Apple,https://www.indeed.com/company/Apple/jobs/Specialist-c22671f8f3633d68?fccid=c1099851e9794854&vjs=3,apple
Apple,https://www.indeed.com/rc/clk?jk=b326e46354446d17&fccid=c1099851e9794854&vjs=3,apple
Apple,https://www.indeed.com/rc/clk?jk=1d673f44917e46f9&fccid=c1099851e9794854&vjs=3,apple
Apple,https://www.indeed.com/rc/clk?jk=cf55c1f037db4a11&fccid=c1099851e9794854&vjs=3,apple
Apple,https://www.indeed.com/rc/clk?jk=85c4ffc3850b2631&fccid=c1099851e9794854&vjs=3,apple
Apple,https://www.indeed.com/rc/clk?jk=e9ff5a16fb43fee0&fccid=c1099851e9794854&vjs=3,apple
Apple,https://www.indeed.com/rc/clk?jk=e39c85afee6f65e1&fccid=c1099851e9794854&vjs=3,apple
Apple,https://www.indeed.com/rc/clk?jk=94a4a7554b309832&fccid=c1099851e9794854&vjs=3,apple
Apple,https://www.indeed.com/rc/clk?jk=7e47448fb792f303&fccid=c1099851e9794854&vjs=3,apple
Apple,https://www.indeed.com/rc/clk?jk=3742b9dcea6692af&fccid=c1099851e9794854&vjs=3,apple
Apple,https://www.indeed.com/pagead/clk?mo=r&ad=-6NYlbfkN0D4BtUbIrDMkalq6ptvGBorBWk-T6D_x1TipmER1OxNA_ks-T4M-BGJExEZN2IH0gQtOE1JYJ2FueOBogJGeKlwKK72TINYYNDy3bF10KrOqdVpcQ2lpvSBYMrOVUmQX2GQ4bPn9Nr3JQ4hZCdZeHqtXMyRlbiZokMCcfSE1laHl71GLfHEpt7lueVrRDUiLmzWyjqK0LZxDb3j3lId87EOnwfv9u5D4fwCdd5YTbFhWsJ-tvCh69us8TMf_PC1rCKscAJ8XWhprz39lxT-Xogo-_SfZPN2XRFcgM4FjeG2Y00lQI4Pqwu_OqxKeUTbiXtWgPwvvQzWKBzMN6jbbSC17q1Zn_owmOseQsXqg80qDAzsyDey_Z22lgqCirS7FzgUBf1ROPawxXCbTQYasWK9jdlVKrr-TtYFbOIeDqQUkT4yzmNGVysaRhKzDu3aykXqB346sA4vn2nPCcEc4EsJm-sYsSb8xhHPPguAB0067I8NZRAtHfqVtlMbVnn9TG8gxlSDcM1YGBxsJaXlzWPZ87uafMpaJ2Q=&vjs=3&p=5&sk=&fvj=0,apple
Apple,https://www.indeed.com/pagead/clk?mo=r&ad=-6NYlbfkN0D1QTfOm43x7qMCInf5aeIw5YddQ0fyo89IxKCEVbvUgE8XrDK1o8n1I-5-Gu9QyuwXn8H_U1Z-7aTVUqQKC5CE-x0vYzdOI19ve7Ny2pEERtiRO_yF9IAepvzK_goWxZoxtG56E7CEuFRaQvoQpcsXF5bwlU5TnEUCut4oObMYLm37mtFcD6KcSvTslVkCAe8YLSzJGBTVexeib7uGuc--2pLeoR9_cWVtovqjWdVReS7rbTDlMI3maTKD3N5dCrgxnd30m2ZAJyscQQx_lkyv3yRnA_pYlNWFYJDosTGEXgzu3Invmnl3hB4TLXgzC04o2S4RuaS3QTRegt3wEA5j1sQoWpHKBKLcCqJ67vBzmsJHldLmWIOGbqGUe3pdNSmmlUeWd6YqSMqgBcj252lhmKZanJmujkwWcWuJ5NtDDXnOIfyO1eHpCKxa8cjhUZ6PHRaYAB3AgdQoTqUY8zy-GudqQ5CRXfSrkn1_uclxIGY6uNI18DBdg3pWvc0LvH9xOoQfkEt0ePASNkOlJBUXrs5bWXaWGY8X0OwenfYqaBVI4OBSqFDTdNT_sM1AT3E=&vjs=3&p=6&sk=&fvj=1,apple
Apple,https://www.indeed.com/pagead/clk?mo=r&ad=-6NYlbfkN0D1QTfOm43x7qMCInf5aeIw5YddQ0fyo89IxKCEVbvUgL-F1Kbrpusybk29sQFuCKD3AEUGKNr4G5_GcXIIO4QpZJ08PRf5DWje9osVMxHke-SR-QgYrpyRymaYm_5IT4YwgqZBYwvv8yI8PK2g4U5PSSW_-08fTyXkQy7RGY45mTN3r3o_1jo5GHlLeBLgoBkSZu8F6Rss0fkCxIegTSK8ibSBA0yXAnJmJU45oN4YoOlUnFf6VELwdB96lJT4rfuFJvFs9VpMYej2gkLjL0Dz7cRQy0Fy84bCKB-YL1Imw3xujaDb3tadihSZ2X0VxXPMj44nnJyXd82jTwWcmumQvLFSZX8DTVyWNKfjNBICdP08rliDC0efQdPasj0P_PUo8fXQnE2Pkl5M1Cy2lRb5Gq4XzJh_Y_MOskk7vNjQSDjfZcxnD62zM_IPKR169xZX_65izRq87g1hs6p1o3eecYcV6mfBMfqMTY2pLPpEiwBAUPHM8NFPbmBCZ6e4lxCGmWqzIpb_LOsVcvOKfHNmLjeNpBm-p1MT2peZLW9zSA==&vjs=3&p=1&sk=&fvj=1,apple
Apple,https://www.indeed.com/pagead/clk?mo=r&ad=-6NYlbfkN0D1QTfOm43x7qMCInf5aeIw5YddQ0fyo89IxKCEVbvUgBSZF4TY9qWjbMq1T-xjNjBkSq_bhtVXER_hCgv1ROx73Xb7M_YMJJBrbCz58DrWdY_qvJmhGGhuss7KXDqZEMphAY7G7zAzW7Y4KSD7wHursRMcaAeFqN5xaBfZ1xfcgwd_uUrpUx5Od8EfjhXzezDxb3mNq-_5u5iUChdgOPJMawBbwgjjn1bCcsb7F6TSKuZOeXHsi8n6fQ2MkE1Aam2QDImVSX3FJ-B_RQX14Y2NnAL1f30Cq5_YEejeQcX3qYO7HJQtI9FlKTyUv8LRaqEfKWSRuKg9EKPPIv1rSHTxzKbm1xTbBS-oIlqRPG-kVkKX5J7hw7suAdnyCfzDfBi7EPGKgFGAr9JuPozWNtxVAPhSc3y6siNooLW6qCC4xKeFdJsnVjsEtp9BWELeCVPUOn9IBKqYu7hodDb3vKGx2tlbSZrtiNAswXuWM8C14is29tsEMcGCIuDABHql2dm62F39z-QMxrgPObXPxYGd1YkwYuCOezodFvBtSXkjlkP8i8es74jJ&vjs=3&p=2&sk=&fvj=1,apple
Apple,https://www.indeed.com/pagead/clk?mo=r&ad=-6NYlbfkN0D1QTfOm43x7qMCInf5aeIw5YddQ0fyo89IxKCEVbvUgAUvwlghPegX6eTwbF1orqwJAFlliy0qE9w_evSIoPOb5ZzCwBBupeWlmQ2x_Dn1uv1uDQ7zf6Y9hpy1Hp05qq7e1V3mCIFMxYZ4trn6b9ffFUFDlww8ImyDXQ4VcAp-b8EpNgksI3lkWbmeJMLNrOJ7EJV6M0D9TEMAB2hEIUJR04xOwxfFzkTkJ4KCWL_dZe0JzJQAsdl0o0qzueFLJVX3ypy8RaiWdnaIwTG3UjWl8JVuLmJZUSIUJVygqMWzIajux-jGKadpK735mwxyLC4db7yJ9DgnzCWB5Ea02LDXEEpflb4sSgm9-vkPfqLPrrWGm04dNQJY5FUBV-PCzKxSpF2oAd42w1iYQFSZj0QJ1BpJlvrrICWX6t4CilvpTqx9rlLfIJNySBbhoxoOaNe6oGM6m7GJkp3wQY2kGsxpCVhB3veV38f130-FXE4ExZEiu4gr1cCFR93_e4jRgMiCFiCcbxmrseOr8EcvFgfLc71jQ5w8zk4e76fytDLFZgaIj_ifw1vlllsAAjT-oBUepdt6XpupVcqqwVT3fhmQ&vjs=3&p=3&sk=&fvj=1,apple
Apple,https://www.indeed.com/rc/clk?jk=bd189f0fa535c63a&fccid=c1099851e9794854&vjs=3,apple
Apple,https://www.indeed.com/rc/clk?jk=dea8cf28defd73b7&fccid=c1099851e9794854&vjs=3,apple
Apple,https://www.indeed.com/rc/clk?jk=d31aa8bbe9d00153&fccid=c1099851e9794854&vjs=3,apple
Apple,https://www.indeed.com/rc/clk?jk=e221afcfb090c77f&fccid=c1099851e9794854&vjs=3,apple
Apple,https://www.indeed.com/rc/clk?jk=2bd72827ad423c54&fccid=c1099851e9794854&vjs=3,apple
Apple,https://www.indeed.com/rc/clk?jk=2eb06bd75f6aea6c&fccid=c1099851e9794854&vjs=3,apple
Apple,https://www.indeed.com/rc/clk?jk=a9a4fd87cee61e39&fccid=c1099851e9794854&vjs=3,apple
Apple,https://www.indeed.com/rc/clk?jk=1415397601c2c747&fccid=c1099851e9794854&vjs=3,apple
Apple,https://www.indeed.com/rc/clk?jk=5be2e98c210f6d22&fccid=c1099851e9794854&vjs=3,apple
Apple,https://www.indeed.com/rc/clk?jk=c7eba72217a23834&fccid=c1099851e9794854&vjs=3,apple
Apple,https://www.indeed.com/pagead/clk?mo=r&ad=-6NYlbfkN0D1QTfOm43x7qMCInf5aeIw5YddQ0fyo89IxKCEVbvUgBUNOsOdRl5eTAkQSYvyDZNSuGQpRND5f6GBkFNVqNDC6gbUYuQzEFummIq0Wg7WmQG4IFq0PYniuBI4VtsPPak_tbJwNJr2cCl21Eb1c44TGn8Or-yhK2H0YBc2NnGFDxEx3WmpVS20iHY3YYxYRRwYApfAgdnUHG9MIt323vnuq-4ay2TyB96tA9yjPtq-VmQ0hkjqUEC1-W8tQVTf6G2gfEhQY0UaKFqhd_dbCKLbbtGMmCWESADLDu4eRZ5AcVREwzT6DIKUePn45b7oFreFEEiX0ImZYKhO_Yv4HH0eLNGRfdY8LGeIrmfT1CfDQ2ooZnPstRh4kVVFtrMPNobTU-tAPjDFMHuTeFLZ61zNLH4hf23oT34QTGnFhsXhpIa7KeZ2Spj_ddIeDrYK2SVnUFNE5hg3lxNSuWc6Btgnbnvu5PhXW1bashth8RMTd8TajehW36mA7tALZOblYq9afxOUTkDCwuIQAX9Mj5cM18HnjSeUSUBy_1vHzw1w-46dLyMPrcy1&vjs=3&p=4&sk=&fvj=1,apple
Apple,https://www.indeed.com/pagead/clk?mo=r&ad=-6NYlbfkN0D1QTfOm43x7qMCInf5aeIw5YddQ0fyo89IxKCEVbvUgE8XrDK1o8n1I-5-Gu9QyuwXn8H_U1Z-7aTVUqQKC5CE-x0vYzdOI19ve7Ny2pEERtiRO_yF9IAepvzK_goWxZoxtG56E7CEuFRaQvoQpcsXnULoc9RvNUwNLYtuV5yo5kR8Yyskyoc_BnE4v_WJkOECFIfv2Gpj9DXzg9VJxzT20BfhtR6ie-MCHtqIEt200c7eCVmqdb6U9XY2SaxEVTNz53QtaWh6k_ggqXPDclOaAS-fSYwoJ6QOKBRMfYTeW8nmTgGj2gTBMnFJU6LMUNsrvdO9NWXuEL1U4w53ICoYxoZCHOCpH4CuYgTSzV8Cobd3W-eMm2_OFEQloO6A70ZIeFhBCb2x-ki6SL3Aybyd-9JQa6-EeQaRaRC5Jqc_6wxqHUfdFe1_vX3Iq-LcIlNhHJ39rYVAaSbX1DxDcvmxFfS9XaW-7Fj1uGabOf_mextlb1ZWuS2o6ioAp4S29KW2UvRWXagDOV-OHiF4PCAg8pbhMrNmLpt6uS1HA99uAq2tsIOLsLwSKhVF-lrDcx8=&vjs=3&p=5&sk=&fvj=1,apple
Apple,https://www.indeed.com/pagead/clk?mo=r&ad=-6NYlbfkN0D1QTfOm43x7qMCInf5aeIw5YddQ0fyo89IxKCEVbvUgE8XrDK1o8n1I-5-Gu9QyuwXn8H_U1Z-7aTVUqQKC5CE-x0vYzdOI19ve7Ny2pEERtiRO_yF9IAepvzK_goWxZoxtG56E7CEuFRaQvoQpcsXjKn7BcxMqN1SRmxZyj4RXj6bfu7t0Wh5cnHiNqIs0q4gFj4uApSLNW_a9MpmSsqWrMb8kboQh1cm6DW_r-B7JKjT44DX70tsiRd5GbB45v1ANxyEPDqr1qGyVum7qMy3p8cE5Gxd9yJcr89kSKyZhSJZpjWydiUw6Wt8KwcYb2mNwUp1FlDaslqp-4SOzswWMvYCiyCgF9Xl7IDKCkiVsH93Lm6R3fYC404j_g2mxJChk0fxjdN3EutksdgzlGLkjgLXAtxl5WhLaQTIQLuAgtUTeHz1MWRQEYeaa7a1mfJrDezEDXoltH-QfTnhk5JUaUlvW9B9CfjtifedCnSpTCe4qbSA2vm3fze8I94Prqk4Yj6-oGNLkwO3-XRDNtjCxmkS9dpdo6rVZxyLxBeL0OGLjCv74q9UkPmmanxxFx4=&vjs=3&p=1&sk=&fvj=1,apple
Apple,https://www.indeed.com/pagead/clk?mo=r&ad=-6NYlbfkN0D1QTfOm43x7qMCInf5aeIw5YddQ0fyo89IxKCEVbvUgL-F1Kbrpusybk29sQFuCKD3AEUGKNr4G5_GcXIIO4QpZJ08PRf5DWje9osVMxHke-SR-QgYrpyRymaYm_5IT4YwgqZBYwvv8yI8PK2g4U5PwCDYxd0d_VJO4Ex11y7hqCH3nAjrHtDXiA_ERHzoll61fNguJsIv11JSzv2cn7ZVdItv7VnDf_KHh3MB_455-wIBZTyzXokVGRQFiRfDxyPE0o9UB9_JVpFpmsYUUgCqJvLiJw5WSXkoKqTcz2rCfMDS-xIdFZVZHMMdT4GJdIHyLn485pT1iHzQHBFd3yhS2VFYBvHMqB0b84PrHXSn9B0Wv1rQM_kZUYOC8FXEvS8n93XeJE5I1qbmboZGJBybhkSOTNgjyQCdnxb_zPhkX9e-GdO9YZg8xDqRw-VuQA2ULoAXNyV0pY2wX43uLFiU4ShofhhidsvLeHKFjD7moHnIYe9G4Z61JRXMHaN2E51SDCnlbAlWuyW7vb7CdK0s_QgguGvntXQwjvM7YEcLeQ==&vjs=3&p=2&sk=&fvj=1,apple
Apple,https://www.indeed.com/rc/clk?jk=10e95fc37af11436&fccid=c1099851e9794854&vjs=3,apple
Apple,https://www.indeed.com/rc/clk?jk=abc75ddf83f644f4&fccid=c1099851e9794854&vjs=3,apple
Apple,https://www.indeed.com/rc/clk?jk=79edd874a050f146&fccid=c1099851e9794854&vjs=3,apple
Apple,https://www.indeed.com/rc/clk?jk=aea6f9f4b1bf478e&fccid=c1099851e9794854&vjs=3,apple
Apple,https://www.indeed.com/rc/clk?jk=0950d4542817b5d5&fccid=c1099851e9794854&vjs=3,apple
Apple,https://www.indeed.com/rc/clk?jk=ee934de048625822&fccid=c1099851e9794854&vjs=3,apple
Apple,https://www.indeed.com/company/Apple/jobs/Sales-Customer-Support-748f01d3db5e2572?fccid=c1099851e9794854&vjs=3,apple
Apple,https://www.indeed.com/rc/clk?jk=ab61b0a90ccb1332&fccid=c1099851e9794854&vjs=3,apple
Apple,https://www.indeed.com/rc/clk?jk=e3e90865629f9ff1&fccid=c1099851e9794854&vjs=3,apple
Apple,https://www.indeed.com/rc/clk?jk=c699f7eb388656eb&fccid=c1099851e9794854&vjs=3,apple
Apple,https://www.indeed.com/pagead/clk?mo=r&ad=-6NYlbfkN0D1QTfOm43x7qMCInf5aeIw5YddQ0fyo89IxKCEVbvUgBUNOsOdRl5eTAkQSYvyDZNSuGQpRND5f6GBkFNVqNDC6gbUYuQzEFummIq0Wg7WmQG4IFq0PYniuBI4VtsPPak_tbJwNJr2cCl21Eb1c44TtQSnsUUBCT2msOX3JuAZydFjGOyKlUml4h6rBix1qX2PvFiiI3zM7vTUZG_M1PVWGIdcJ85jWuJGUFApWMtaeXL6XdS51QUfnHAROnEWN4Umg9QqzS6e7qjVP2Asye1SsEcHdaIenDwcLL2Dovtjohy51QY-yxcq4HVBoeuRSaIVRF-GtufN4bujVnCIsNmDQ4ovyZeiU-hKmu6EhkzRV2jlCVlyddajcFCJL2yWg85itaqKxcAQjnRGA4Lquk-SMhfk1n8YE4cxhLE9CUaktEaiEzmOXo65RGnqcm02mJ0RyQbW6JpbLPj-wVfWwqwhCdyfGqy4zLLec8it_7Ko1PBRuyCGIHFGWkVwDdTvvmkIEOZlNjzzkGeTGI8IVkOv668UaSz3UhnLoaL6ZBaGkkQPQvcTIKCV&vjs=3&p=3&sk=&fvj=1,apple
Apple,https://www.indeed.com/pagead/clk?mo=r&ad=-6NYlbfkN0D4BtUbIrDMkalq6ptvGBorBWk-T6D_x1TipmER1OxNA_ks-T4M-BGJExEZN2IH0gQtOE1JYJ2FueOBogJGeKlwKK72TINYYNDy3bF10KrOqdVpcQ2lpvSBYMrOVUmQX2GQ4bPn9Nr3JXmYAXNUjZYO_rSXw-ZXBUpan3f2yG2oW5yeGm_OB4korfBSflgNvZgE6O51JFWMCADepcER_v08VnPiumgAmntY7yOqEzEXv3PBJkoWBikapnEP_hh6Duv6EJ6lDD7d6cF_UCYfZyOv2eCoONPqSFDdYjmP8_yS7kAYNs1OvcTFxtzpCeULwaFtl-aHFv9vkY4Dri2Rq6NdDFeXuC_AcvPwwUGy66nwWfhY80H-LMZmU0CXkhifDcU9BLZPk5CG_73Rm-WkXXraLj2rNPHvBv_UaQsJazbeveW-8hHzvQUOpMgt60p6KspKWF3FcTnVHCluwVg9SwtXsGQIAtLIiINejam32feIxgGx4YYO5WMXFgU_stTYBxTHadFig40PLXfCZG5p2ZNKAs_gaPK68Cs=&vjs=3&p=4&sk=&fvj=0,apple
Apple,https://www.indeed.com/pagead/clk?mo=r&ad=-6NYlbfkN0D4BtUbIrDMkalq6ptvGBorBWk-T6D_x1TipmER1OxNA5PMNF6Pl6xAzqrKFsIqzcHxbkVol5MBkxJMsUzU8p6KTkZdEfvYAAiq-XKjVPQgwNkUPrbE7L9bpnh0hSMruyyEaI6rqqoivFx1axy9nKAwesF8Ja6mI_te0WuapF_8-zW4t-hZuqgLs5F8lrSF_2_tHn6S6trsGrVot8Aen5IX29-8bvP5IFNtQ5Qu5oNJiQPsIGUEoF6pseWck2PEa0ScBN6OBU_PTsIltMf62lKT38dfniVeny5OG5zoIuZGiNr_hK-f1bwkXtx4vu1sm1n50yFglfqzZAc74zJF9uEnj_tzuP4dPDSjSVGFD5MGBujYdCOOjCML8C4V4vrI65s2KyhzVC6rwwFU54DrgICyHc5rZQpdyXqtRHRcP0_4fg1Slbli9qWetgoJ5lbXfFXz0QyewyXo2sHAKN3xTFWIBGJKQ7L3bp54TZaFpSt72wWVBdq7_g-SOzPm4-jgvUcd8c3kIJzPRj0u0vgNhqygc0seVEEKK2LIDh0GV9kV8z4llRI8Z65EarnOXEwqBPiCTBmAGw0vl5Wt3SdwRsGA&vjs=3&p=5&sk=&fvj=0,apple
Apple,https://www.indeed.com/pagead/clk?mo=r&ad=-6NYlbfkN0D1QTfOm43x7qMCInf5aeIw5YddQ0fyo89IxKCEVbvUgL-F1Kbrpusybk29sQFuCKD3AEUGKNr4G5_GcXIIO4QpZJ08PRf5DWje9osVMxHke-SR-QgYrpyRymaYm_5IT4YwgqZBYwvv8yI8PK2g4U5Py0-6ejXUIYOF4a9arMKkGkomNXcybbdPuqqk1Bzw25s24b628jDaPJc5I-nnJsJmc85e0YYNYqx3Hc8vYkYQPCKunNnx3z_8SJ3v_22DzsYLjR-JkeO8qHr8jEROx4JgM1tw2Dt5FERokMVRG2kinWW44vIhE9u8DaV50u4kuyfd6fY01PF4CgcH6LzbsrQIzr6Mzaz0YvTgqo4w4WY-MTMCxaP_8rs4SQ1HjTJHChefe6pZc0LJwFYCbXa2c-fzt0zhim3onz2sqeY60h4Kpm57hY4gvjaQ7AaRCJjUF1MlnJ6s-p5abqxq8WZ7uTLNVtg3tgNfJI9zEzrfOBZzn5Zv00oYUpuWu74W4QHl3IWL8xwzfY0LJj55SaerT2e9btpKI_XePNXCpWp33UyUQQ==&vjs=3&p=1&sk=&fvj=1,apple
Apple,https://www.indeed.com/pagead/clk?mo=r&ad=-6NYlbfkN0D1QTfOm43x7qMCInf5aeIw5YddQ0fyo89IxKCEVbvUgBUNOsOdRl5eTAkQSYvyDZNSuGQpRND5f6GBkFNVqNDC6gbUYuQzEFummIq0Wg7WmQG4IFq0PYniuBI4VtsPPak_tbJwNJr2cCl21Eb1c44TQkNKACIz_ijqmvJO-nzb_I5D-aoj-jtvmko5VhUq5m90C2y-wDBlUX6J5CgEhO2TjFCu14zF3W21YUhxZOSmyy6NCJ8w93FYT4gND8rT1nTupgocGOG-fHctN4NYJWrLySvsap1k2Gmw9Jiu7frJd4VcRj9cjtfH9Awp4tD0yX5Akud2G4QzN-CEDm98wSVM9qca_72CHtOp5tw7P_ZysLU6VBrrkt4ammrbjPyxfRDdTJ2_7HEWh-6FI0YolXdpC19kGX1R2NPiiHkvUoMlEIXw6Yog7Lra8MIr_gqynTdn_A-o5etMMc22mX2t0TXWHLsyQNDGiqN5ePUvfpWgNnqWH5c8lZkFH-HMqZ1W2_ytuiiyAQPA_s1YSQcAMx6xly4DANMDE_l7HSmk_3UPG0k7XYGDofgr&vjs=3&p=2&sk=&fvj=1,apple
Apple,https://www.indeed.com/company/Apple/jobs/Sales-Customer-Support-748f01d3db5e2572?fccid=c1099851e9794854&vjs=3,apple
Apple,https://www.indeed.com/rc/clk?jk=8de2405fbae7847c&fccid=c1099851e9794854&vjs=3,apple
Apple,https://www.indeed.com/rc/clk?jk=1a3a21e1789d0ba6&fccid=c1099851e9794854&vjs=3,apple
Apple,https://www.indeed.com/rc/clk?jk=57e9ee883ba891a0&fccid=c1099851e9794854&vjs=3,apple
Apple,https://www.indeed.com/rc/clk?jk=c4fef5f3a5497aaf&fccid=c1099851e9794854&vjs=3,apple
Apple,https://www.indeed.com/rc/clk?jk=1bb72c5171e0dbd7&fccid=c1099851e9794854&vjs=3,apple
Apple,https://www.indeed.com/rc/clk?jk=1d84c5b2ce053358&fccid=c1099851e9794854&vjs=3,apple
Apple,https://www.indeed.com/rc/clk?jk=0f9f7ae9e883f18d&fccid=c1099851e9794854&vjs=3,apple
Apple,https://www.indeed.com/rc/clk?jk=a275286dbc1ee3d0&fccid=c1099851e9794854&vjs=3,apple
Apple,https://www.indeed.com/rc/clk?jk=4eefa6555c26e99e&fccid=c1099851e9794854&vjs=3,apple
Apple,https://www.indeed.com/pagead/clk?mo=r&ad=-6NYlbfkN0D1QTfOm43x7qMCInf5aeIw5YddQ0fyo89IxKCEVbvUgAUvwlghPegX6eTwbF1orqwJAFlliy0qE9w_evSIoPOb5ZzCwBBupeWlmQ2x_Dn1uv1uDQ7zf6Y9hpy1Hp05qq7e1V3mCIFMxYZ4trn6b9ff6lUiVdSp_gCXRY2wGiUjqslC-JJYRfWS4KIsHQrRk6M7qRMvzd0t22KAPhVfHu0zHD0m-7lyJSgGIKVk9hiaCKSsSAHdxz6Ma9N905R1UVdmUAJ4Ok3fmMY1a7I9uJGPvoPPMrRszgb1y4PhdGwWDP2i6K6z9v-8v6eBs5JGQItJ_oY9d4zHWO_NhvC_MNaZaCPvOnAR_1wzv-DgiO06jmbg_83NGV2M4MKPNAJxoKghj5BKjf9r7KGt6WP1-XKjfAuZzXcc54uSw6RFvPWU5qF4UcJ5D-GhctxOvVRmDuT5JP8DmDH5LSelnMuNz8mP3BiuWy_aE63_GEJ9mBfsnmW8ShzJw2V2B5q-78Bur8_1_jpVSPv9wf3jvD0j4399GphRmyyDArR8cAVysoGY3GRn95pkRJMz06ppA4juO7HMzKzT09fYJowuVjLNl3ue&vjs=3&p=3&sk=&fvj=1,apple
Apple,https://www.indeed.com/pagead/clk?mo=r&ad=-6NYlbfkN0D1QTfOm43x7qMCInf5aeIw5YddQ0fyo89IxKCEVbvUgBSZF4TY9qWjbMq1T-xjNjBl2WcPLqsvfCCLTbKjTzDWSzFMYz7pn_6VsXL_zUPsTUfi_rpedtxQBcwphHtqdbBm6AUf16CrF9SgMvf68GHNV4y3a6odUTlXO0ENeLhECXDr18GcITTnk6kjrXxyruhSmAyGJlxeQb7RDt9vrR70ulT6CXdagBHDmM7Q_p5pvhGO5u6y15OVi7IXH41YpPxfB6GONwYNIZjbsP8NOuL_SauVDPlhGXuvr8oCVb3pRFEU30r-SqVnqcPvaOWGkcwKkIJSdbut6LwiDbMWnBrNi753QBZPKE4W9tjudraRqI8hiVgiFWitD1CqEpiOo0ZgOvQ1JBPlLQOcgoSSAIqv4oZ9GJvmQmy-MEzmkRZQBrvrqAlltRnbmu0Q_nD1Ts8fwMh3HEQXEjIdf-OXb6rMOs4iY5H5tFJ2dFMUHFoseiE79JE1c2xtC9LqxLu1dvVW2UBiHw6aQ3o1d48ffcvtP-mbFSQG49diVqoGwy0S_aezcsh_6aFF&vjs=3&p=4&sk=&fvj=1,apple
Apple,https://www.indeed.com/pagead/clk?mo=r&ad=-6NYlbfkN0D1QTfOm43x7qMCInf5aeIw5YddQ0fyo89IxKCEVbvUgE8XrDK1o8n1I-5-Gu9QyuwXn8H_U1Z-7aTVUqQKC5CE-x0vYzdOI19ve7Ny2pEERtiRO_yF9IAepvzK_goWxZoxtG56E7CEuFRaQvoQpcsXFqfyRAFBZYrBq7cqGoxjEjGGODmXtDPy8lMh3Qz53JFIMsFnZxf6cqTL4HHFmwZuGm7VHElguwnPeAw0J63qjaeofQyx9zr_k5q7dQp2_jnTRoZAP_EoYN9Oje9HsWOzoAco0cg3u1T4WZo0QahYglKRqiNaPxadYx0hrJXw7kFouXEBrtXFbTuYTT-KvdRKZ7kx5z4gq8esmm0HoffwzNVyWKUko_5bGzUYj00SDO_o09QTE-oan4Ohj8zqEw7IgEbqGHntIEL4UqyZCSE0wiNB-RYx0lu1HefbD-KEk-XEYTH2w1U2bqfunB2_Gn0fGS3p-PtQLcb1KCLAoexJiaBQs4eemuzLyIklVoeJCEwSbhAPy4MX1sIGsEy9nx8Jy6tagycyiN1-f-Sd2gu3D0p-24fI3jw4hCPneL2XFEw=&vjs=3&p=5&sk=&fvj=1,apple
Apple,https://www.indeed.com/pagead/clk?mo=r&ad=-6NYlbfkN0D1QTfOm43x7qMCInf5aeIw5YddQ0fyo89IxKCEVbvUgBSZF4TY9qWjbMq1T-xjNjBl2WcPLqsvfCCLTbKjTzDWSzFMYz7pn_6VsXL_zUPsTUfi_rpedtxQBcwphHtqdbBm6AUf16CrF9SgMvf68GHN43yuoeJi0zH5P-x_9PYGkMpS0JnQDGrccnYM9khl5B5AHPnKFTFxxVUJqWnE9hGynKwU5ySCc9K2fMEDoCKp1ih6bhUO90WRD7WoFGGQUfFqsBjB47PR15MJ7Srj4NQ-cQvWxugn9iV9O5ieYTNsaaqZoSTKrclDLIn2v8yCDnR3czslvsnnrTM2fd_QT3yv6aOXPH7r5uyLFbltcujXZacO64jhXoLlOqa1b3hglY9Fece6yERKlLCzgbzy2FlwZ1lxb-zgNFt-zzX22QgYKv-6JuuidZAUUxmMRBgYANfZXQUs9c5ImWM_cbzLRU1WDB1rH6LJz5oAzNhfodHBsSuPow4fI9hgrzQORy04LZj1qkuILcqfP8JOaRlltc_Nt0j0P6sKtbRiXLtp0oaQ3XjGX8LWXvSd&vjs=3&p=1&sk=&fvj=1,apple
Apple,https://www.indeed.com/rc/clk?jk=be5551320c627833&fccid=c1099851e9794854&vjs=3,apple
Apple,https://www.indeed.com/rc/clk?jk=e0fad54465164dbb&fccid=c1099851e9794854&vjs=3,apple
Apple,https://www.indeed.com/rc/clk?jk=7c7896d707faed34&fccid=c1099851e9794854&vjs=3,apple
Apple,https://www.indeed.com/rc/clk?jk=14f9d8c57bff777b&fccid=c1099851e9794854&vjs=3,apple
Apple,https://www.indeed.com/rc/clk?jk=4894018b72d21d46&fccid=c1099851e9794854&vjs=3,apple
Apple,https://www.indeed.com/rc/clk?jk=242a09eb12040c35&fccid=c1099851e9794854&vjs=3,apple
Apple,https://www.indeed.com/rc/clk?jk=7bef5a483404c362&fccid=c1099851e9794854&vjs=3,apple
Apple,https://www.indeed.com/rc/clk?jk=feb46b278791e27c&fccid=c1099851e9794854&vjs=3,apple
Apple,https://www.indeed.com/rc/clk?jk=3a2521c063284e5a&fccid=c1099851e9794854&vjs=3,apple
Apple,https://www.indeed.com/rc/clk?jk=d51006daee7059b1&fccid=c1099851e9794854&vjs=3,apple
Apple,https://www.indeed.com/pagead/clk?mo=r&ad=-6NYlbfkN0D1QTfOm43x7qMCInf5aeIw5YddQ0fyo89IxKCEVbvUgAUvwlghPegX6eTwbF1orqwJAFlliy0qE9w_evSIoPOb5ZzCwBBupeWlmQ2x_Dn1uv1uDQ7zf6Y9hpy1Hp05qq7e1V3mCIFMxYZ4trn6b9ffGYtXGTdGOIYzV7ykzSAW3FJcPd5PfiBwLyZgyMVJFaCAB4spA8p8fLqW6tqqwztP7soIbNORJ9HuihJnNbZmkaxGO14yxdaO1EyBM0CMOKetfPUZ5vSuRipHPx8h6RXtTgcVna5gm2Uc98sSUGbTt7I6itHJteORxxiY42sdqkj1R7EHKtrVJxFU3NBPcFFodyFLeTOY5Yh100pUaAglx0v2o6dEdA5Y9omDSwuzNVcvxoK6mp7uM2IlscMuPOz4lYp0FRWQHthg9LQVfs14ySYiEcUPtM_UNsy86bCQb7wwxItXJXAYrA6y3rce34ANZM1srrX1fVBus7eQn7mPeAZSJRjZwJ8S_qq4BVlJkiiF9NgTJxXZuN8IlXPepN7a58J3XW6TWHGGTGjGV_f2nmhMA9zp1wuYJMBpwXY7yidGvUJrLbxk6tMA1Q9Quyyg&vjs=3&p=2&sk=&fvj=1,apple
Apple,https://www.indeed.com/pagead/clk?mo=r&ad=-6NYlbfkN0D1QTfOm43x7qMCInf5aeIw5YddQ0fyo89IxKCEVbvUgBUNOsOdRl5eTAkQSYvyDZNSuGQpRND5f6GBkFNVqNDC6gbUYuQzEFummIq0Wg7WmQG4IFq0PYniuBI4VtsPPak_tbJwNJr2cCl21Eb1c44Tgd4AqKL8g_Mrna5Hzk30tgMIi20W4LPZwPlSr4x4O9OJeD_gMCqpuQ_1H0x49ZNpBpSmJ9HJOTUW7Dzdnsrxfw0otH4C37hsr4SMu3LmXPJvif29ozYxKDnR5Ytu4v7RecEbx0-iYcvy1EQThiGOvmgcM00WpTTHzm9qCx85Lny3J_1luHLjfBh_TyuzxFMslhn1bSCbOn5jO0Rjr1ZHiIo5UTtsXHd9MNsnyXmgOfEDdAFynh0RW_vCgtftpQL2mlZVq1gvi2g3vgc8n8jgWDsE2nUnfLSH8pL1cbu6uxiUC5W170W6OewOyejJGd6R6s-OC08pEqx1swm69lpbauGyR19qVNLI0QodYEAN4TnyfprcPJrPUwvjYQ4Qz7m1s9Z6msb1b-9icnwg8WT5TwtP3GnkfV4F&vjs=3&p=3&sk=&fvj=1,apple
Apple,https://www.indeed.com/pagead/clk?mo=r&ad=-6NYlbfkN0D1QTfOm43x7qMCInf5aeIw5YddQ0fyo89IxKCEVbvUgE8XrDK1o8n1I-5-Gu9QyuwXn8H_U1Z-7aTVUqQKC5CE-x0vYzdOI19ve7Ny2pEERtiRO_yF9IAepvzK_goWxZoxtG56E7CEuFRaQvoQpcsXx3vb5d3EivjjKfTeVlM29i1unYTLHuyASKs6jmjGpHO5OT_IhfRbYj2bNset04g_um8IvRjtuOg2c4BBSk-G7Xp5I2J51si7CVoNh6exzvU2LeueY8KXDJ-_DOANPgh6hle3cPC1GPKDYaCDJy9KAT9O874ahmL-SIvApZmnqXmBe9Io3p1gScf06gXd1ug63yggxGXHEokxM29_ydCftJ6ZkuiLQLHYfc3fUrRmXyLy8LufbGyFwUcG-k-iC1SzUl7QEs8HZi-cX5vlwRFn7DWb2UhkObzjnfSBeh1RMg2gq2pG8ZJr3QH686uvR3fneGbm2VXMFIstuumcR2eShjWfSduPxE_fJwF4crPr5RV8K50qdqjTdSRqPPCkkufG1ts2emlnhW6BOHwwCpwfWz24q1Hqerrt_qYT7VXC0hU=&vjs=3&p=4&sk=&fvj=1,apple
Apple,https://www.indeed.com/pagead/clk?mo=r&ad=-6NYlbfkN0D1QTfOm43x7qMCInf5aeIw5YddQ0fyo89IxKCEVbvUgL-F1Kbrpusybk29sQFuCKD3AEUGKNr4G5_GcXIIO4QpZJ08PRf5DWje9osVMxHke-SR-QgYrpyRymaYm_5IT4YwgqZBYwvv8yI8PK2g4U5PurcxB277iwQnlZ_Jvvu8wfCrVPwz3TXoynQhRy74YE-be84GHsP5K06v-hICF5E426lFkUO25jqciSKvC4nudTSQx5twcbnbiC6J_IQBU15dS6ZxYLBMXLBx3AiYuKTd1g6l6T8fUfx7aXESI6yeOus4SPK89uSNKLlCQxyWb-qHnLn4xsZxIyLjqc7JRcoH0YJ-QFEv7JiWTCe8ltFHhhFQ3kVB8F_IuvbzwhSEbG0ptvG5NKiqvaIP4nBQQxhjXWeX1Xe7HDQ5h4Gmgh6FrNU283CvmUqT8YAlMmSPRmb9kcgjKs_Iu8Z8MxZbJ8Fv84cmE5NI5QwnBcQ1dWT4MyVgIbq-l6RYR4Dn9JuNE3eQazofi4seprh-1UYTGvPy9iC_cdROz9-8relhyCIcMQ==&vjs=3&p=5&sk=&fvj=1,apple
Apple,https://www.indeed.com/pagead/clk?mo=r&ad=-6NYlbfkN0D1QTfOm43x7qMCInf5aeIw5YddQ0fyo89IxKCEVbvUgE8XrDK1o8n1I-5-Gu9QyuwXn8H_U1Z-7aTVUqQKC5CE-x0vYzdOI19ve7Ny2pEERtiRO_yF9IAepvzK_goWxZoxtG56E7CEuFRaQvoQpcsXf6zqiP6IFtijPgB54c1jTRllWg-ziHk1BJ5YOsCEm3NkE4eYavGvZT2qX5T14fVdFUrmxPaK8sBP94jPU28fdb72NIz4SSfjj2m3GR602sjm3M6Uy8uFdBKrvSJqewJy1qOxR3HWuOUkfWaXrWtJpBfG3I1BbTgp7HYZUHJivUwc-4ArLxmsRC14NZdQlhcr5qosW2WPUvB7LznLjPedBaWIIIh5MusyZiMYen6FY6QCovh2n4oXkyO-rJv6GQLjBd5-TlAna6hAor2pLBUyEJxUOwOt-n4GqyoTN0DroHtjmwdaB_RqjGQye6bR1k92toAkXwb1vh2qFAdW2RdmE4OTrihKHNg-zi8z53G8vuGbzghVYpE3O3yeEl5mEg8R1FlKU3lqwkUpX74yULK6KUspyDKuzHNkVxxw9qUOTO0=&vjs=3&p=1&sk=&fvj=1,apple
Apple,https://www.indeed.com/pagead/clk?mo=r&ad=-6NYlbfkN0D4BtUbIrDMkalq6ptvGBorBWk-T6D_x1TipmER1OxNA_ks-T4M-BGJExEZN2IH0gQtOE1JYJ2FueOBogJGeKlwKK72TINYYNDy3bF10KrOqdVpcQ2lpvSBYMrOVUmQX2GQ4bPn9Nr3JS9nnIVUddUjAUcUX91TjEiBR7wGjKK2cobRHFfJaXoqjO1TSw9CD_7TmmocBZ_sbHq53KBfnmpcKmzJyJRDiAzOyJUVBxKJtZXPReCscWGC2IGaaSliywfvT8mnO7cq10mmcCjaIIG3a7kUI78EcZVjV8NukIVEQadfZoUCCFcOZL2XAxDC0U8Q2iXieOBdZYD8L_NChbRZU6G5J5trX-jIQjUvOk0qHmF5e8dppjOthfuaL2WGbMHMNOV-jARwP8t-hQn5kGDasxVsLWOmakBiuVeAhRRAe7GeJL0Tt9yWUNspq61UzZR4izsW1oBqmbIG5FZwCRCxoENomGydms2HaWJewaORfTIr1jZijXQVzwryotTdAcWNkHaxFHTOXbc1FTkAZ6tSLkv5t-n78l0=&vjs=3&p=2&sk=&fvj=0,apple
Apple,https://www.indeed.com/rc/clk?jk=843f5a3a08c3d47a&fccid=c1099851e9794854&vjs=3,apple
Apple,https://www.indeed.com/rc/clk?jk=b176c025dd3f7653&fccid=c1099851e9794854&vjs=3,apple
Apple,https://www.indeed.com/rc/clk?jk=a7a0b1bedfea1831&fccid=c1099851e9794854&vjs=3,apple
Apple,https://www.indeed.com/rc/clk?jk=0fbfb565ed1e3dd4&fccid=c1099851e9794854&vjs=3,apple
Apple,https://www.indeed.com/rc/clk?jk=e03c47b994e2f314&fccid=c1099851e9794854&vjs=3,apple
Apple,https://www.indeed.com/rc/clk?jk=748c04d1ab987beb&fccid=c1099851e9794854&vjs=3,apple
Apple,https://www.indeed.com/rc/clk?jk=5efe20ce374b020b&fccid=c1099851e9794854&vjs=3,apple
Apple,https://www.indeed.com/rc/clk?jk=9ae713f4a1083235&fccid=c1099851e9794854&vjs=3,apple
Apple,https://www.indeed.com/rc/clk?jk=2d0c45e37e9c7c7a&fccid=c1099851e9794854&vjs=3,apple
Apple,https://www.indeed.com/rc/clk?jk=848d01075abe92ad&fccid=c1099851e9794854&vjs=3,apple
Apple,https://www.indeed.com/pagead/clk?mo=r&ad=-6NYlbfkN0D1QTfOm43x7qMCInf5aeIw5YddQ0fyo89IxKCEVbvUgBUNOsOdRl5eTAkQSYvyDZNSuGQpRND5f6GBkFNVqNDC6gbUYuQzEFummIq0Wg7WmQG4IFq0PYniuBI4VtsPPak_tbJwNJr2cCl21Eb1c44TuNL0QIieIjxZZM7pKXTPCVIlfkGMbfzhUcBqYMtlHL7DLuz_2DGWuEmj14MKHPbs9sxb8AfhxUsKmYIHr71OSDRcctvl8bqJ69puCyqzYpobWnro109e_OfnivAIRMysnCKkZmwZCJxHrTmMu1msHwcV6fk_cZAIPKBLU3yr46uwvdOYekHh_AZO5lscwv46wTQ0u-S3Tyt8xOxg1xq1dcxCwpMIpkZeWzzi-sPSr2vPIOgbtkUqfIKTTO2lBz6ym8DJ7x_ys_kSH3fTBF2GE-7YKlYmWGi1XGBu72gQp_B5TMNLa-ALbQVdBCSA6RAEqe-Qa7_WaTT2i0UjMCIm7pLkuiKpVR4QXh2P33MVoUQ0NWd4Fx-xj6qVqs5iKrM5fyBX9olFTTafPZ7_cHnZHqsUm09LPG1M&vjs=3&p=3&sk=&fvj=1,apple
Apple,https://www.indeed.com/pagead/clk?mo=r&ad=-6NYlbfkN0D1QTfOm43x7qMCInf5aeIw5YddQ0fyo89IxKCEVbvUgL-F1Kbrpusybk29sQFuCKD3AEUGKNr4G5_GcXIIO4QpZJ08PRf5DWje9osVMxHke-SR-QgYrpyRymaYm_5IT4YwgqZBYwvv8yI8PK2g4U5PIN9nJtuIoth_P1lK6Eus6_32bF5juny3vOe760EaLCEDm8VFXvVEDwMzCrNTDeK9iJhnbxlyeh2w3yuxYZ7Z9X-HJTRkxPKbcxn7IwOkFDhIVPwm-FUkKEDTnAtlVC2yUO2Br8B55QUVib1IK6llXWfn8ZK_tix-kUZO8n7Og2UZlC097bg-8wVAfMkmfJPUChj29pw27CpJJFU76Y_BI_t7eFZMVWqHXJixL1mCY4wwB3IKYJ3OEMzXq_L7bXudjTzcQkfzRcoOrO_ZMnM8q3zUxBJaJHD3nvX0_LCmq3pnS65zP2q4kPd7Ch1d-KbLHXOSKViHfsgutcE3UtLhonN96JbwEsq_te1rlVLZjSgoqXC-5j3GgJBh8aazgP44l3jy4lgbQxuBdeMYa2OKlw==&vjs=3&p=4&sk=&fvj=1,apple
Apple,https://www.indeed.com/pagead/clk?mo=r&ad=-6NYlbfkN0D4BtUbIrDMkalq6ptvGBorBWk-T6D_x1TipmER1OxNA5PMNF6Pl6xAzqrKFsIqzcHxbkVol5MBkxJMsUzU8p6KTkZdEfvYAAiq-XKjVPQgwNkUPrbE7L9bpnh0hSMruyyEaI6rqqoivOY5bWP7nPf_S9cgv_MIV3Vbz2BnqpG9GzcduOnhT04B1MaRLzK-TyAB67Trd4hkqWc_-3Ow9cNSQvg7I3uqpnr9Y7vn7QX36BetFFC4d6UZNmWFAz5ApkaQZq_QOEh235_aXF-rZFZp2GqLLmUC_bLbVK1LjuQxz_nx-D6ixlyvP2y7Vl_jUWvy0_GDG2F6tXsi5yZ82Dm7QAWjeieSwp4xpmnnmJUxSMrH-QuvUomvtx7Q2LSJo56-r_bfPog0elXkzGq8JOj-rPb43qCmVKcXNaWZx_NB0Ds_9x6lLJKNza28SZw2VlRXrdsT35PUzllkFVsowHpliwMRKIJV2S_tGnqRw6D9Kur574r50Uy3Eb-vOpuYO6qApp5EOSGWvlVogVhdY3PXUarcWjkxjOTtMunkup5P6z5M9Q3CzBX55CT3wNuqzTLwPxYSbgx1VV2ikEyBJ7Q8&vjs=3&p=5&sk=&fvj=0,apple
Apple,https://www.indeed.com/pagead/clk?mo=r&ad=-6NYlbfkN0D1QTfOm43x7qMCInf5aeIw5YddQ0fyo89IxKCEVbvUgE8XrDK1o8n1I-5-Gu9QyuwXn8H_U1Z-7aTVUqQKC5CE-x0vYzdOI19ve7Ny2pEERtiRO_yF9IAepvzK_goWxZoxtG56E7CEuFRaQvoQpcsXXFSdIlGG0rMkNh1mx14zEGIVBvvzjwwXPt_PIMcO-4W79du5VORPxye7Ba45X0kSQ0jeQBIzGX3q_ojo28rGsHCv20OHMZi9bf3IdgMIzW3BRkg2uKJWPQ6J6cuIpgEUHPOtWvS_bhRVUhbfcIveOEX6Yk247nxIuPwpdFFtZif4lnpJp7dW6QoJ6UohBN7qGkDJJxsG1E8thkMir9f9vKumpaRfHC2Cj6yUb3Q8V3E3HnJdn0ijly0wBuqjeJyL4iq7pzvW_hWmQTLp1xOkrAakG_P7TtM0YlXi_N930c7m2jSyhkrys92vXpJbyu5FkJwu6CN40NsUTJ4NTDBOg19dY12jG3DZ7153mCEgLwX862bG4FUj6O52Ls5J9hWJbhUp-Qv-PI2cMmo_-hlaCPW67NpPm_HBO5hbgKP9M3w=&vjs=3&p=1&sk=&fvj=1,apple
Apple,https://www.indeed.com/pagead/clk?mo=r&ad=-6NYlbfkN0D1QTfOm43x7qMCInf5aeIw5YddQ0fyo89IxKCEVbvUgBUNOsOdRl5eTAkQSYvyDZNSuGQpRND5f6GBkFNVqNDC6gbUYuQzEFummIq0Wg7WmQG4IFq0PYniuBI4VtsPPak_tbJwNJr2cCl21Eb1c44TGrtEyq429UINlquirBp_00XTsNW-sdnNOdVml8LfZEwe-z3nnwcrqz-pw_g9g6FkrhqezvEhR7oxCAoDbwJJGGJ0bKeECMVv3V-DLbMcq3G_RGsa3HzU6SJk1t1yX48SS1sYiMXzjsIjnMUDbcr7TzmSc6CyNFCFlydaZ70f38MoXIqNHQ5BmRPtzpqpX6kEKvoVvAhiNYW6tmU5imh5-Amkl4OCZ5dks8KqdARm0Du8K62TjjjIwPJTTdF_1msXf9KWW4T4ilExnBeHDzTDZYpAi7ZXIl1Wgrfey1FsHRvjNIM1n83A5CZJTUN51cRxZPDYINSw8FN5Ef37yfv05oS7rfqCpLU89ap_tnmvkcuqjbl-Ygj2KhnmVX9jSDyapBs64bd_Y1H50xcnOwsmxLbw5I_O7vEa&vjs=3&p=2&sk=&fvj=1,apple
Apple,https://www.indeed.com/rc/clk?jk=b3e67e4b1ab390e6&fccid=c1099851e9794854&vjs=3,apple
Apple,https://www.indeed.com/rc/clk?jk=cb0b472d7408fb9c&fccid=c1099851e9794854&vjs=3,apple
Apple,https://www.indeed.com/rc/clk?jk=1ed5935b1519dcda&fccid=c1099851e9794854&vjs=3,apple
Apple,https://www.indeed.com/rc/clk?jk=bcd31f6e6cd197ea&fccid=c1099851e9794854&vjs=3,apple
Apple,https://www.indeed.com/rc/clk?jk=d917ccbe696259f5&fccid=c1099851e9794854&vjs=3,apple
Apple,https://www.indeed.com/rc/clk?jk=cf029b2f4dd8e16c&fccid=c1099851e9794854&vjs=3,apple
Apple,https://www.indeed.com/rc/clk?jk=d6ad086c33cc3dde&fccid=c1099851e9794854&vjs=3,apple
Apple,https://www.indeed.com/rc/clk?jk=097e0a8a19a88a01&fccid=c1099851e9794854&vjs=3,apple
Apple,https://www.indeed.com/rc/clk?jk=4e7d55caf1269cf4&fccid=c1099851e9794854&vjs=3,apple
Apple,https://www.indeed.com/rc/clk?jk=187660eb79fcd8c7&fccid=c1099851e9794854&vjs=3,apple
Apple,https://www.indeed.com/pagead/clk?mo=r&ad=-6NYlbfkN0D4BtUbIrDMkalq6ptvGBorBWk-T6D_x1TipmER1OxNA_ks-T4M-BGJExEZN2IH0gQtOE1JYJ2FueOBogJGeKlwKK72TINYYNDy3bF10KrOqdVpcQ2lpvSBYMrOVUmQX2GQ4bPn9Nr3JUYCII1G0buWeU_cTJXbhhR4xEhBUnERK9SzgdYFDdH635UtD5iRRWTSSPxIpGpPnnBKRRBKPLP9-aNpRNUjR-zW31iYuR8Z2cfB-I-SnMxN88d1ZSSpx51AKSwCeDZFF6XMGimFZpY1l8hgz8oyvI1hpDF73iQXXCi1FP2gylabK_9YbiFdDxvZSjDP8mNoKxCFd_fyE5t1uqQvXCyNTzabvlFgVk6Bp1eRe5qNhsEDsygRwFOo3-vOu2e6wrPQl_9Lfw4bOQjAq4mizq2q3OWb3LvDS_hpYpC5AOLwRD06pdc6WZoALB_L3ANjQyav9CcAvF01YpmfUJrErmjy1z8OJY2v_tEMYNIVClBwGsPL7XJvXlyDCLcT9GQ0PH4g938vBg39HPwYs8TzgtuywsQ=&vjs=3&p=3&sk=&fvj=0,apple
Apple,https://www.indeed.com/pagead/clk?mo=r&ad=-6NYlbfkN0D1QTfOm43x7qMCInf5aeIw5YddQ0fyo89IxKCEVbvUgL-F1Kbrpusybk29sQFuCKD3AEUGKNr4G5_GcXIIO4QpZJ08PRf5DWje9osVMxHke-SR-QgYrpyRymaYm_5IT4YwgqZBYwvv8yI8PK2g4U5PHtpYVQLvC252I__L0_TxRz8e98J5MBY19qiOlgSxuDSeeQoU34ekfTTU2Ks5UO16ChyxSUPUfE3PunMAEwyolXBgOzdtX0WH_Dss-48nhrhEdDAtWU7Z78fY0cfyluOIkytBB_kVNM4g3KSjpJ0u28nN2sUJlntIT7DB6nJAkDmtfKC9Zpd1VT5YrxiHH4A2ytPhSakq-6PatOCs5PTzZIiPhzq9m4hITWNPZ02XebBXXDgEFcoR7FEixHuljDNNw3y0VKbfj1kcdsq2gX2UtHif3AOQnsPPEIlq_aYYm9H1I05SIU_wrCx6hPPYt5k46U-fHs7vojI48zws5bQuNuGfH5cXUv5aVWt877VFKC1SlovQoQVPAF5HWlG_X2M4pU7UTHyR77X2R0ce0KDGsA==&vjs=3&p=4&sk=&fvj=1,apple
Apple,https://www.indeed.com/pagead/clk?mo=r&ad=-6NYlbfkN0D4BtUbIrDMkalq6ptvGBorBWk-T6D_x1TipmER1OxNA5PMNF6Pl6xAzqrKFsIqzcHxbkVol5MBkxJMsUzU8p6KTkZdEfvYAAiq-XKjVPQgwNkUPrbE7L9bpnh0hSMruyyEaI6rqqoivE0iGHQxxJONiUclm0QHZx0UCSYb7AkVtczR8EuC79CpyOghJ6_o-IXzNbA-k76mlIdhkiC4Wu_1GMmA2-e9KOAYuP5YzUeABoO0vi8hNDpOLjV_u28AhLTu7bvx-KWXCvgf1d-h_EsBGKWCIpmWUfDXWETkvZ_RGhuM88Nk0TYhTKUaLMaTZ-mrxHtQzlUHXhQt-24KQrE3sUC9cXDyaLoAfp26BdbYMsTBNPJM4DtL5YatZwc0jio2I35K-vBk5JcoytirnWmg-XB3t4Ppth6rsHLNmC9qdPmLV_nKEYmbs4_2oyWhJHP-htcC5BHov12JKLs2bDztNrQBmH4Y3iQx2klVYpFeDTn_PpXsZa6UXTM1kocDb9Uqv7hKOItEx4kfb7d00UgVZ_wMwISHatSs1yCeKqNC1dSXoC7Kg8Ic2qS7GvOl-rvRlxEoLfa7bqC-OqrTeZ8Z&vjs=3&p=5&sk=&fvj=0,apple
Apple,https://www.indeed.com/pagead/clk?mo=r&ad=-6NYlbfkN0D1QTfOm43x7qMCInf5aeIw5YddQ0fyo89IxKCEVbvUgL-F1Kbrpusybk29sQFuCKD3AEUGKNr4G5_GcXIIO4QpZJ08PRf5DWje9osVMxHke-SR-QgYrpyRymaYm_5IT4YwgqZBYwvv8yI8PK2g4U5PsxD5m3HtQ9GcCKYtVp0a7s6Evdgc8hnvneEO9ndG48-7fZTRNenfPH0W2vEl-CHZloLOjmmcqqTvlpR9LWpZfmi25c0M_YWTgRH1By2AEyHAfT2jPFzWwW_jAt0MsuphztFeOVPLMSFJ6C7B8lvIFjLqlC7Y5OFXwm2oopzZB1E9n2hPqPvSpzFSn-9wL5iz_sYZOvFTMqKWIdzH9ku32XlKHXqTdiumXs_kkw_629hedICeQ4JMi-7S7U0Ctoc3amvdUMSIW7aFPk3vjOs2NcSUxsm6sPdV6zwtAuKDZE-erAR21IQyCVKWv9pr4h3hLqT6UjeAmblQZNJCPdBmo3-33nA7PqM-rffCpc_J2XWFCMEe3F6nux22G88mtKAlQOBau13EeG6zqDkb8R616Q==&vjs=3&p=1&sk=&fvj=1,apple
Apple,https://www.indeed.com/pagead/clk?mo=r&ad=-6NYlbfkN0D1QTfOm43x7qMCInf5aeIw5YddQ0fyo89IxKCEVbvUgAUvwlghPegX6eTwbF1orqwJAFlliy0qE9w_evSIoPOb5ZzCwBBupeWlmQ2x_Dn1uv1uDQ7zf6Y9hpy1Hp05qq7e1V3mCIFMxYZ4trn6b9ffHqkiv8YADDleLceWwaErM_T91wYjhpkL_QNj0lnxHbC0msDLOsJuQEIpUtZnThs2OpqVMIDeTfOjiM2Qv1Rg0OZAQ8aVWBIsTeYAbgle0Qdg57PmWpAkx9NgF2IpOLhqDKqqmFc7viCERDYH3tpqv9W8JGYR_81DJXdK_ZE08-0RPoSJftdkJ8IboXuE63DL1ROB_rH_oWTqWR_O66Nw2JW3WnAZMcVK7fTZYcP3wJ2taMqRZeeoaWMU0_Z5BJwbzJpMQdZuBIV3G1U3S9VIbKBbv-BlgawCPUiFVVo5b4lY9hfG0zbCxEOBQhVCFNxt-IDv3ywddqBGvPvoiHwSXBrKelNJRunPhZMwmJSYxLoQHyX5pSXFNh13SbOtomA8VeTNUXIqzvMxvh8PKrAArJpnIFPxuS---FsDF86fJ1Y3bf_NrEE6Syb_ULvVRdjx&vjs=3&p=2&sk=&fvj=1,apple
Apple,https://www.indeed.com/rc/clk?jk=f138a4af195516b5&fccid=c1099851e9794854&vjs=3,apple
Apple,https://www.indeed.com/rc/clk?jk=16aebcb8d9118e0a&fccid=c1099851e9794854&vjs=3,apple
Apple,https://www.indeed.com/rc/clk?jk=cd172b0b34e378fd&fccid=c1099851e9794854&vjs=3,apple
Apple,https://www.indeed.com/rc/clk?jk=14deaa5dc4ebca94&fccid=c1099851e9794854&vjs=3,apple
Apple,https://www.indeed.com/rc/clk?jk=63f70cda3c7c9ad6&fccid=c1099851e9794854&vjs=3,apple
Apple,https://www.indeed.com/rc/clk?jk=00ac30a89d1cbd48&fccid=c1099851e9794854&vjs=3,apple
Apple,https://www.indeed.com/rc/clk?jk=b59642a71bffb1ef&fccid=c1099851e9794854&vjs=3,apple
Apple,https://www.indeed.com/rc/clk?jk=15a309ee5e28269f&fccid=c1099851e9794854&vjs=3,apple
Apple,https://www.indeed.com/rc/clk?jk=d92511b0536cdc94&fccid=c1099851e9794854&vjs=3,apple
Apple,https://www.indeed.com/rc/clk?jk=51e61585dc27b629&fccid=c1099851e9794854&vjs=3,apple
Apple,https://www.indeed.com/pagead/clk?mo=r&ad=-6NYlbfkN0D1QTfOm43x7qMCInf5aeIw5YddQ0fyo89IxKCEVbvUgBUNOsOdRl5eTAkQSYvyDZNSuGQpRND5f6GBkFNVqNDC6gbUYuQzEFummIq0Wg7WmQG4IFq0PYniuBI4VtsPPak_tbJwNJr2cCl21Eb1c44TWmFK6sFMLLFUgQpFHlmOFMN9rCGHX6zDkSK7V-idQH2EXWgTpzWLKqXhsUTE1eciKUnoDScCCaiwBHjKNnFWYQiwpDFCcZGV7pW8-WlGbWPXvsuv24lz8yO5uPnviClJdSVyZXUe_Hdv0nJ5wqBZ6ZUcn6fHmZJlJvmOmCzADMAsC9LI6QzUZgwVE9CGn7cWARZWg1Gws6BfZuu-2ikIHUbAZAgEqaXdMkItZWQ5roVdAZtGflFzRnVXkeO_nTyBmwCrks5SdggVq9_KQ_pc1upCxz1uRuH0Hd6eCLfpyaYWr9HcUXBXkEZxnBjLjN6ytN-KG-3miDdSLuO2F2kgIHuUzb398uVckPAnzrB2pwYCQt52U0nYrhlLBOjEMTT0fOCRQeCV0LyxyepOXsD33gOcg7u3zzZf&vjs=3&p=3&sk=&fvj=1,apple
Apple,https://www.indeed.com/pagead/clk?mo=r&ad=-6NYlbfkN0D1QTfOm43x7qMCInf5aeIw5YddQ0fyo89IxKCEVbvUgBSZF4TY9qWjbMq1T-xjNjBl2WcPLqsvfCCLTbKjTzDWSzFMYz7pn_6VsXL_zUPsTUfi_rpedtxQBcwphHtqdbBm6AUf16CrF9SgMvf68GHNyuILjNONmxgso5mlbCLKFMy6plsZVKaRVdTIPcerC3BDqEn4-FB9xSM9nh8YrFTZhA_bwKX0xlC8vsut4Dy6WAc_UhzcOqspSR6hBg20bFGDRmTsVaWWDfivBiSU4u9JjD3DBwXX8MsnQexKlG6nhDxkQ4KKtn-Rji2jbPHK_vpqqIQ9m9BWTlfuAv2gsW2aw4wRunhUqBN7YhVLnqgOYdbKTPl512-rSSwpQIGUYn2fwnd8lf9SDiwUBZqeo-60k1oMDvYuE7b74rya3JHfXwR06soDzKXoJQ94TNiOARUX6fQh2VHKOZQs9vlvzqWxIMoq2naSafxm5I98YQ5IdYb6LMoKF-3hZS2YbCojVF3GVhdtVvIT0I9nj9-i0-pcqNZcTBPFPvcbyN-JxGTLiXHeupFHaB8P&vjs=3&p=4&sk=&fvj=1,apple
Apple,https://www.indeed.com/pagead/clk?mo=r&ad=-6NYlbfkN0D1QTfOm43x7qMCInf5aeIw5YddQ0fyo89IxKCEVbvUgE8XrDK1o8n1I-5-Gu9QyuwXn8H_U1Z-7aTVUqQKC5CE-x0vYzdOI19ve7Ny2pEERtiRO_yF9IAepvzK_goWxZoxtG56E7CEuFRaQvoQpcsXYT4Tgn7NrrBouj-DcFr7FY-yNILRbt0P-sa3x-v2-NfuCRfBz_u2rtCUTCmgM7IyhfuG3ki1n_faFF6qkMKvVgqJX6cprxq4XpgNDwNvgeYsvqXjObupGMOFwd1kU0OcG_75WgGaFWVw6uRrl70RNVoRl5H0yqFIV7pT0yDGmlqaCs1yYVJSLXQHJ0UsGoOwwuvX9TtEsJJzWn8bPnLBgmT9UTQrF9JEzpzr3SBGnw2GAfsdhaycfPtX0YFwguG0iUF2Krrovo83-vuF3q4mmIXEN4aoLm5M5Tcu93QBrOmz1y-nnGUd4uQ49cLFUW0aL2Y7JradL_55glc7avyEE_GxQf5koWjFX80MUdTwmCjSLbD6bFBCU4zpqksUX9PDAFZvYRoP8mxdvfO5s7dcBrodVupIwBB8dPWaaGSlyNk=&vjs=3&p=5&sk=&fvj=1,apple
Apple,https://www.indeed.com/pagead/clk?mo=r&ad=-6NYlbfkN0D4BtUbIrDMkalq6ptvGBorBWk-T6D_x1TipmER1OxNA5PMNF6Pl6xAzqrKFsIqzcHxbkVol5MBkxJMsUzU8p6KTkZdEfvYAAiq-XKjVPQgwNkUPrbE7L9bpnh0hSMruyyEaI6rqqoivGK921B_Rg2F6Gl-38XVnSVMP4wkvuwZwdE6lUfFV9r48OkW3zebLLWAVJQEIaPYyATJM3L7qiKDOtBBolCflAqzzy8A1MM51AO90zbYB6Tx9GnVXi_yeP9WGNzON9Rg0Sd-NRhyHyLanSzTOBiptJdAwJ5Mkg1_HS7O8f3xIzyvP2jp8q52ZzpOjLrhWFNnIIk0fxGVySjQu-qoX7580o2fPzhoSPb3GpqU93DxsfjgEVws0Qn5UPtAk7TaOFPNCQOBoEsfsJ-6WdjoUIJUbbvudK_Pycvzsaduu6e2bQBKOcDm6cAYO1sMD-Z6oIchniWPVMrhkhGDsthNkO3sQDTUp_XwY6_PCYzC0SNku3XQfMgVfEYD2RoBpfbXXLkGOS6bm02uICYSeP0TDQc8klNmpl6wXeMFL_ow07G1AHI8mnIQq37Dihf8mBwc6cmEljKNAkZcSPkR&vjs=3&p=1&sk=&fvj=0,apple
Apple,https://www.indeed.com/pagead/clk?mo=r&ad=-6NYlbfkN0D1QTfOm43x7qMCInf5aeIw5YddQ0fyo89IxKCEVbvUgBUNOsOdRl5eTAkQSYvyDZNSuGQpRND5f6GBkFNVqNDC6gbUYuQzEFummIq0Wg7WmQG4IFq0PYniuBI4VtsPPak_tbJwNJr2cCl21Eb1c44TyT5CLNyIsBvUnqXlDg_gXYwUZ2l5bhTxZTkQJkKwARUN6GDXtXmGL6Sw5JgUmozWA8UY9EGpGVwV6N8T6_7hYqWoKGVlNsvSQulJ506Q5sI4KFFwEeHcuRae6ITphpjqL9RwYaAvWVBGIZ7QN447u5jzOfUofjxX1EMtcXX_vyLnDQFxi66jIBmPwrLErWJWB5L6g29A-skzIpTUjQ4pr8xWFHq2NcOe7wxxA4SU0PEKagxsWFIR4bQCsneM0g4JlwmilsggtQw_3vR1r5PuQ1bTPaBM080u2Y3p2znKwJ2bZQ5ZhzCtdmF1NYoC_QmQRnnfdQA9gPpFE54bd8zUcNJdLkVs7x44aqi-wJM0VIhnt3ir9-twppbIK8hEQWWM1_WD4487RT6sUO68OhjjeH5qlmyzRr6t&vjs=3&p=2&sk=&fvj=1,apple
Apple,https://www.indeed.com/rc/clk?jk=549e06412668e81e&fccid=c1099851e9794854&vjs=3,apple
Apple,https://www.indeed.com/rc/clk?jk=a5815e60e9e2f426&fccid=c1099851e9794854&vjs=3,apple
Apple,https://www.indeed.com/rc/clk?jk=4f41605220cbaf09&fccid=c1099851e9794854&vjs=3,apple
Apple,https://www.indeed.com/rc/clk?jk=cb8fa8ce2a855aa0&fccid=c1099851e9794854&vjs=3,apple
Apple,https://www.indeed.com/rc/clk?jk=c7c719dcd727bdc8&fccid=c1099851e9794854&vjs=3,apple
Apple,https://www.indeed.com/rc/clk?jk=3a0f6060f01e2e51&fccid=c1099851e9794854&vjs=3,apple
Apple,https://www.indeed.com/company/Apple/jobs/Genius-f45c76ec15276d83?fccid=c1099851e9794854&vjs=3,apple
Apple,https://www.indeed.com/rc/clk?jk=b91315268b981c7a&fccid=c1099851e9794854&vjs=3,apple
Apple,https://www.indeed.com/rc/clk?jk=998a9448c4de36c9&fccid=c1099851e9794854&vjs=3,apple
Apple,https://www.indeed.com/rc/clk?jk=8259cd16e04b7a12&fccid=c1099851e9794854&vjs=3,apple
Apple,https://www.indeed.com/pagead/clk?mo=r&ad=-6NYlbfkN0D4BtUbIrDMkalq6ptvGBorBWk-T6D_x1TipmER1OxNA_ks-T4M-BGJExEZN2IH0gQtOE1JYJ2FueOBogJGeKlwKK72TINYYNDy3bF10KrOqdVpcQ2lpvSBYMrOVUmQX2GQ4bPn9Nr3JWkqDfr5aVIPBpXBhLa3YU6S3tyXUIxhHoEWPqFlFPNvP7pIUAeySx1bG47UIvVGBkc6vzjXm-0_Xo_hAJUGltJqJzIV4KKF_Jr1_4Zw0FfXdQ2jk90XtqP8AfVTZ7LRwkqYkAn9F39hLD5kxwdsDPxH9AxsSYgNK7ix31l6CfnzSae97b0fXdiebLyIUuH20arbPtABBhLkI4jtfdhzHpSgj5jXSFsCFugSyffZC6uzcrpfR858H8SGRifD6f-4c0BBB3g7OKnsbVQpNUE1JZT9Niiw_Z-SrSnT5mepRFbY1gwGmy9drvKf-IVkVqSb8C4z7Xuzzd17xppHb7A80Vg7VjToACZzWaKzaoogre1q6TAf7RZq0vnW3wLr2o2Ch8C8Uoq4csdUn1Fayjnxoq8=&vjs=3&p=3&sk=&fvj=0,apple
Apple,https://www.indeed.com/pagead/clk?mo=r&ad=-6NYlbfkN0D1QTfOm43x7qMCInf5aeIw5YddQ0fyo89IxKCEVbvUgL-F1Kbrpusybk29sQFuCKD3AEUGKNr4G5_GcXIIO4QpZJ08PRf5DWje9osVMxHke-SR-QgYrpyRymaYm_5IT4YwgqZBYwvv8yI8PK2g4U5PH4qLTf2LQopP-OVlPMZ7SrMaCvIQjLAoadmZA9y3QirM4sXmfqA5P0FpTTFBCIn7sICtVDKSVTn3d42gnyoWgu2pjGBZQ2MoPDA30kOTsLhLkHyfUj5ioChKYADAveDFef6UnC9LDdD1TrKNg3AYDQJNaneRRJBkXzypIJMvtGgCPPavj4rxAkporrZoKesgXsa0QDMZ5skKWKiCxLUCY98D53zvCvpLbYIqoC3s1sjHD8PFusf6ESbg5xN5nBikHU6adzxd_qB58NCo7fv_7QswuoHCdsW1KrN3GDVknE52-r8lDKKo4jbTXP1mvBuoY4yfJpXXOaBEhY6CnsafY2GKwjXSsaDbu2OaPpeYCm11AE94SpqQ_2o1NxRjDiMnP6f6A41YBgerxZJjK2WkNA==&vjs=3&p=4&sk=&fvj=1,apple
Apple,https://www.indeed.com/pagead/clk?mo=r&ad=-6NYlbfkN0D1QTfOm43x7qMCInf5aeIw5YddQ0fyo89IxKCEVbvUgE8XrDK1o8n1I-5-Gu9QyuwXn8H_U1Z-7aTVUqQKC5CE-x0vYzdOI19ve7Ny2pEERtiRO_yF9IAepvzK_goWxZoxtG56E7CEuFRaQvoQpcsXUjKUNP4JkaHQ79lowLqWwhFgxx4FdIxl4A5BZl9ZsG_Lp9Gp6v03_fnxH1FTTdPdnpX8Dwg5vgpbqq6Ry8Zlb9pdbQ9XkM_6lYu6wodPOIjcIbzALXWVlxXuEChJfUkGdtd66K4pPSwU7B3LuXNVxZ9G7cVAYxW1QQkV4SQY-hc_YJEaq_F9-o8kuf45BLZoen0ae8FbStLFwn-Lp0kHAUjrCm63TrWNY4uNh5zuoJpBY6ZWbFsldUE-ycg8o6Y56vUzjErICQjf9mhz7mPi522iebHbOHwqyDJ0V1GajOPQ5YF_CCxm9MfH-FaNAjrbneaREn3nrp4FbWkr9RdSJxN2ehIsTI7pf9dK-T76G89d8HevQbUC9fuH3ovZAyBj9T7Ua7ndM8vIPyKhBNKuxmxQ6Z6UuJWuHb6_mB399RA=&vjs=3&p=5&sk=&fvj=1,apple
Apple,https://www.indeed.com/pagead/clk?mo=r&ad=-6NYlbfkN0D1QTfOm43x7qMCInf5aeIw5YddQ0fyo89IxKCEVbvUgE8XrDK1o8n1I-5-Gu9QyuwXn8H_U1Z-7aTVUqQKC5CE-x0vYzdOI19ve7Ny2pEERtiRO_yF9IAepvzK_goWxZoxtG56E7CEuFRaQvoQpcsXowxW6P-EDuTy33wa47zP24tLbbfKWdmo6cwE0gWydKAAEG5e7XoGrayFkD2c6zfPTIUzeceTwIK6sjmjUTewDPBQLvrmR3wbzT7j5EJtRF56HUVzbrsmbpsRA0mqiQdpk3Z2UETqmOjyabECbvotUAlY-z-x8jJjaqdz4QMRKU3Dl79q9et0Zjw5lVpW92mBlCj8cTyF3genfo4ll6ZVgPxpFuP6zS94B5PcEVrO18_SzQfNs-yHAA37984T_XMLUdZAkF_vM27OKElz5KppFyR24FXiAKXvboO6Wqer1bcSd-0CSSgl5okS7k1f4QODehhehDGuO4415RPYSX6NPP6-C7o1bztH699xTyPTWVO4tMVAMvR7nwL9KIEr-1IsbwbxTXnhH_YgpYeL1lSBnnxp-OJd15OlAz-2Fkr-22U=&vjs=3&p=1&sk=&fvj=1,apple
Apple,https://www.indeed.com/pagead/clk?mo=r&ad=-6NYlbfkN0D1QTfOm43x7qMCInf5aeIw5YddQ0fyo89IxKCEVbvUgBUNOsOdRl5eTAkQSYvyDZNSuGQpRND5f6GBkFNVqNDC6gbUYuQzEFummIq0Wg7WmQG4IFq0PYniuBI4VtsPPak_tbJwNJr2cCl21Eb1c44TOI_SaXqZk4FY7zDcyrx3ctkJ7OVvU6WYTKXRjxsE1ZUafLJ3gXHKQZSvi9SD_16Oz0blwBrZJY7_7jt18xUMIPoGjJQ6o3wRCf9rtDl8xxVylTzO6LAJS3z8_h7xQoQ87ztbMLoDJJhoMuT3ylC2iNZhWLsiY1Y_DCo4bO8R0paMQnmeGtySrYe3i2DiSM1QB_bVMndJR9LgoglukrNgWZiRRvRdjLE262JGVNoMtSJnGKZheTi3tvIiq60nqg_ZegOrXi-7Sa98FEThuKx9Hkwd-2g49SsMl6-tqbhewenADQpsfQcm_CPIs4Z0oPlPHnVWOaXhS5gdCtTbQMuxMeHLTZyhUq7ViOuPpc2y1OTxANqwNSRe4DRJKssOlmKgL4BpbFemg-Jeh79V0Wqm5B1RKSGV1P_7&vjs=3&p=2&sk=&fvj=1,apple
Apple,https://www.indeed.com/rc/clk?jk=19b1ff1292d74cb9&fccid=c1099851e9794854&vjs=3,apple
Apple,https://www.indeed.com/rc/clk?jk=ce1c0177e8dfefde&fccid=c1099851e9794854&vjs=3,apple
Apple,https://www.indeed.com/rc/clk?jk=415ce0fe0d62c823&fccid=c1099851e9794854&vjs=3,apple
Apple,https://www.indeed.com/rc/clk?jk=b3382ac1b1bddfcb&fccid=c1099851e9794854&vjs=3,apple
Apple,https://www.indeed.com/rc/clk?jk=b6c69e1c39bb46a7&fccid=c1099851e9794854&vjs=3,apple
Apple,https://www.indeed.com/rc/clk?jk=63dd78dc0d41905f&fccid=c1099851e9794854&vjs=3,apple
Apple,https://www.indeed.com/rc/clk?jk=349bf454b77e80d6&fccid=c1099851e9794854&vjs=3,apple
Apple,https://www.indeed.com/rc/clk?jk=af6eebcd688f8fd3&fccid=c1099851e9794854&vjs=3,apple
Apple,https://www.indeed.com/rc/clk?jk=162902153de2214f&fccid=c1099851e9794854&vjs=3,apple
Apple,https://www.indeed.com/rc/clk?jk=c065bae72e500d62&fccid=c1099851e9794854&vjs=3,apple
Apple,https://www.indeed.com/pagead/clk?mo=r&ad=-6NYlbfkN0D4BtUbIrDMkalq6ptvGBorBWk-T6D_x1TipmER1OxNA_ks-T4M-BGJExEZN2IH0gQtOE1JYJ2FueOBogJGeKlwKK72TINYYNDy3bF10KrOqdVpcQ2lpvSBYMrOVUmQX2GQ4bPn9Nr3JUfGmOn8-O3WfdyWlfCtGrzvE53GcqMHaIBi8_DckVnBPlJP1eWf1xLPWF2oSrWIkXpmbZtZPpG3coB-DtM2VYYmogyOV3aCwsZTk-Mavjo08qWzosVCBlkbAmOxYFQS-V2hrYYYV4s7iqTGh7PdoJ9e8KgKb1ckOxH9_0cQZzetAUXx8alD9L2WbVQXQdgJG4uFmhoGLmTtGwqF6bOqJ_5GmA_7JVroYsqf5g4VXMURfReDasPY6bq6NE4WsmxIdbh6vEa5AQD2itZEXrpF6By5bDh750nOnOPQXFYC6mnAoWbT6HNN8eqzqt0BjyymmBIbbKs-XKdyeLLbGgzEXFO-de9iQKArmsKJjxEgBMw3WlM_iISQhEIhQZ5BpHq3Ova5Fq1KpJgsvVUjwsoQ0_c=&vjs=3&p=3&sk=&fvj=0,apple
Apple,https://www.indeed.com/pagead/clk?mo=r&ad=-6NYlbfkN0D1QTfOm43x7qMCInf5aeIw5YddQ0fyo89IxKCEVbvUgL-F1Kbrpusybk29sQFuCKD3AEUGKNr4G5_GcXIIO4QpZJ08PRf5DWje9osVMxHke-SR-QgYrpyRymaYm_5IT4YwgqZBYwvv8yI8PK2g4U5Pb0-bfvV61cFouRl9RtYLCiK2HetIpbEvDhJ85GrhhyLO1de-DHH0A_ovzJvr_pvzYK6TxHTgLjA6KUnVfZd0u7Bga-9vN_-uxa0IaaM5ZQWPInv-KWtlcpHjxPHCR4Eo_ns7tfMMaFbzSA3gocVxapY-hcPka3euGul8MdV0wMTipLSoCNSgUb0_pRBt0hqnm4lqVFrCc9mKlyLsjUOWCH17ABvAliStvCr__lXpLu-eGZU2WtgX2xntUobxbkTx7fjHkCra9jP7XJADKoplUzha2y7gWUmpLW3SIeIXxx1KVHkYktPE7ewbcMdpwtSTtL_oO1Wpg4EpoiE8X2YS4nkmOQQOCALkz-2RmnJmpZ4zD6J9iXdwtPVWoj3KaAdcmbO-QH5h2fGJV_JA4mueFQ==&vjs=3&p=4&sk=&fvj=1,apple
Apple,https://www.indeed.com/pagead/clk?mo=r&ad=-6NYlbfkN0D4BtUbIrDMkalq6ptvGBorBWk-T6D_x1TipmER1OxNA5PMNF6Pl6xAzqrKFsIqzcHxbkVol5MBkxJMsUzU8p6KTkZdEfvYAAiq-XKjVPQgwNkUPrbE7L9bpnh0hSMruyyEaI6rqqoivCLym9ufnq57TINTIp2PsvFqNz42_Uebu4rT7C8FQBdJD_3fGQtjig6plz3yBlKnT74FMQ-EZ47bVeYifmLi79gJ__0BD8fU19NN27b9a6tGDO0DXRcMMo2916AcZDsKapTY59KZpsixkjZ_Jqg1T1N3ivZE7gYfqPzn72Hd4RdGO65arZ0BmYFPLlzX7frmtHvQmQTaOk50pGzYG6nZtwKZKl9EKVk63RfpA-6dVeZzBjnpL5OxgnIJ0uDQ0L4LfoVpS4B7U8jEWhhBW99vwiis0GiMZYoErGBKxF2acaxwxGRIRqr-RUh1IAHSqKI870Y-NjEgzbN1d4bxR0f2kEaqEtCc0Y6IsBotfK7jTM5X0YWnY67SfEbFtf_fArAOEHoSPXizJL3tgyJlErK7kUvoHWq_7ejVUG_ieJWeTgxClyGUE-R6YKaCUANgR0kBWW2Kt1VdUNGh&vjs=3&p=5&sk=&fvj=0,apple
